"D:/GitHub/UnealStudy/UnrealBuildSystem/UnrealBuildSystem.uproject" 1
"../../../../../../GitHub/UnealStudy/UnrealBuildSystem/Binaries/Win64/UnrealEditor.modules" 2
"../../../Engine/Plugins/AudioGameplayVolume/AudioGameplayVolume.uplugin" 3
"../../../Engine/Plugins/RenderGraphInsights/RenderGraphInsights.uplugin" 4
"../../../Engine/Plugins/BlueprintFileUtils/BlueprintFileUtils.uplugin" 5
"../../../Engine/Plugins/Bridge/Bridge.uplugin" 6
"../../../Engine/Plugins/JsonBlueprintUtilities/JsonBlueprintUtilities.uplugin" 7
"../../../Engine/Plugins/TraceUtilities/TraceUtilities.uplugin" 8
"../../../Engine/Plugins/ScriptPlugin/ScriptPlugin.uplugin" 9
"../../../Engine/Plugins/MeshPainting/MeshPainting.uplugin" 10
"../../../Engine/Plugins/Protocols/MQTT/MQTT.uplugin" 11
"../../../Engine/Plugins/LightWeightInstancesEditor/LightWeightInstancesEditor.uplugin" 12
"../../../Engine/Plugins/EnhancedInput/EnhancedInput.uplugin" 13
"../../../Engine/Plugins/AudioGameplay/AudioGameplay.uplugin" 14
"../../../Engine/Plugins/VirtualProduction/CameraCalibration/CameraCalibration.uplugin" 15
"../../../Engine/Plugins/VirtualProduction/CompositePlane/CompositePlane.uplugin" 16
"../../../Engine/Plugins/VirtualProduction/DataCharts/DataCharts.uplugin" 17
"../../../Engine/Plugins/VirtualProduction/EpicStageApp/EpicStageApp.uplugin" 18
"../../../Engine/Plugins/VirtualProduction/LiveLinkCamera/LiveLinkCamera.uplugin" 19
"../../../Engine/Plugins/VirtualProduction/ICVFX/ICVFX.uplugin" 20
"../../../Engine/Plugins/VirtualProduction/LiveLinkLens/LiveLinkLens.uplugin" 21
"../../../Engine/Plugins/VirtualProduction/LiveLinkFreeD/LiveLinkFreeD.uplugin" 22
"../../../Engine/Plugins/VirtualProduction/LiveLinkPrestonMDR/LiveLinkPrestonMDR.uplugin" 23
"../../../Engine/Plugins/FastBuildController/FastBuildController.uplugin" 24
"../../../Engine/Plugins/VirtualProduction/LiveLinkVRPN/LiveLinkVRPN.uplugin" 25
"../../../Engine/Plugins/VirtualProduction/LiveLinkMasterLockit/LiveLinkMasterLockit.uplugin" 26
"../../../Engine/Plugins/VirtualProduction/RemoteControl/RemoteControl.uplugin" 27
"../../../Engine/Plugins/VirtualProduction/CameraCalibrationCore/CameraCalibrationCore.uplugin" 28
"../../../Engine/Plugins/VirtualProduction/RemoteControlInterception/RemoteControlInterception.uplugin" 29
"../../../Engine/Plugins/VirtualProduction/LiveLinkXR/LiveLinkXR.uplugin" 30
"../../../Engine/Plugins/XGEController/XGEController.uplugin" 31
"../../../Engine/Plugins/VirtualProduction/StageMonitoring/StageMonitoring.uplugin" 32
"../../../Engine/Plugins/Importers/AlembicImporter/AlembicImporter.uplugin" 33
"../../../Engine/Plugins/Importers/AlembicHairImporter/AlembicHairImporter.uplugin" 34
"../../../Engine/Plugins/VirtualProduction/RemoteControlProtocolMIDI/RemoteControlProtocolMIDI.uplugin" 35
"../../../Engine/Plugins/VirtualProduction/LevelSnapshots/LevelSnapshots.uplugin" 36
"../../../Engine/Plugins/VirtualProduction/RemoteControlWebInterface/RemoteControlWebInterface.uplugin" 37
"../../../Engine/Plugins/VirtualProduction/RemoteControlProtocolDMX/RemoteControlProtocolDMX.uplugin" 38
"../../../Engine/Plugins/VirtualProduction/MultiUserTakes/MultiUserTakes.uplugin" 39
"../../../Engine/Plugins/VirtualProduction/TextureShare/TextureShare.uplugin" 40
"../../../Engine/Plugins/VirtualProduction/TimedDataMonitor/TimedDataMonitor.uplugin" 41
"../../../Engine/Plugins/VirtualProduction/SequencerPlaylists/SequencerPlaylists.uplugin" 42
"../../../Engine/Plugins/Developer/AnimationSharing/AnimationSharing.uplugin" 43
"../../../Engine/Plugins/VirtualProduction/Switchboard/Switchboard.uplugin" 44
"../../../Engine/Plugins/Importers/USDImporter/USDImporter.uplugin" 45
"../../../Engine/Plugins/Developer/CLionSourceCodeAccess/CLionSourceCodeAccess.uplugin" 46
"../../../Engine/Plugins/Developer/DumpGPUServices/DumpGPUServices.uplugin" 47
"../../../Engine/Plugins/Developer/CodeLiteSourceCodeAccess/CodeLiteSourceCodeAccess.uplugin" 48
"../../../Engine/Plugins/Developer/GitSourceControl/GitSourceControl.uplugin" 49
"../../../Engine/Plugins/Developer/NullSourceCodeAccess/NullSourceCodeAccess.uplugin" 50
"../../../Engine/Plugins/Developer/PlasticSourceControl/PlasticSourceControl.uplugin" 51
"../../../Engine/Plugins/Developer/PerforceSourceControl/PerforceSourceControl.uplugin" 52
"../../../Engine/Plugins/Developer/PropertyAccessNode/PropertyAccessNode.uplugin" 53
"../../../Engine/Plugins/Developer/RenderDocPlugin/RenderDocPlugin.uplugin" 54
"../../../Engine/Plugins/Developer/PluginUtils/PluginUtils.uplugin" 55
"../../../Engine/Plugins/Developer/RiderSourceCodeAccess/RiderSourceCodeAccess.uplugin" 56
"../../../Engine/Plugins/Developer/SubversionSourceControl/SubversionSourceControl.uplugin" 57
"../../../Engine/Plugins/Developer/OneSkyLocalizationService/OneSkyLocalizationService.uplugin" 58
"../../../Engine/Plugins/Developer/PixWinPlugin/PixWinPlugin.uplugin" 59
"../../../Engine/Plugins/Importers/USDMultiUser/USDMultiUser.uplugin" 60
"../../../Engine/Plugins/Developer/TextureFormatOodle/TextureFormatOodle.uplugin" 61
"../../../Engine/Plugins/VirtualProduction/Takes/Takes.uplugin" 62
"../../../Engine/Plugins/Developer/TraceDataFiltering/TraceDataFilters.uplugin" 63
"../../../Engine/Plugins/Developer/UObjectPlugin/UObjectPlugin.uplugin" 64
"../../../Engine/Plugins/Cameras/CameraShakePreviewer/CameraShakePreviewer.uplugin" 65
"../../../Engine/Plugins/Developer/TraceSourceFiltering/TraceSourceFilters.uplugin" 66
"../../../Engine/Plugins/Developer/XCodeSourceCodeAccess/XCodeSourceCodeAccess.uplugin" 67
"../../../Engine/Plugins/Developer/VisualStudioCodeSourceCodeAccess/VisualStudioCodeSourceCodeAccess.uplugin" 68
"../../../Engine/Plugins/Developer/BlankPlugin/BlankPlugin.uplugin" 69
"../../../Engine/Plugins/Developer/KDevelopSourceCodeAccess/KDevelopSourceCodeAccess.uplugin" 70
"../../../Engine/Plugins/Cameras/GameplayCameras/GameplayCameras.uplugin" 71
"../../../Engine/Plugins/Developer/VisualStudioSourceCodeAccess/VisualStudioSourceCodeAccess.uplugin" 72
"../../../Engine/Plugins/Performance/PerformanceMonitor/PerformanceMonitor.uplugin" 73
"../../../Engine/Plugins/Compositing/LensDistortion/LensDistortion.uplugin" 74
"../../../Engine/Plugins/Compositing/OpenCVLensDistortion/OpenCVLensDistortion.uplugin" 75
"../../../Engine/Plugins/Experimental/AbilitySystemGameFeatureActions/AbilitySystemGameFeatureActions.uplugin" 76
"../../../Engine/Plugins/VirtualProduction/RemoteControlProtocolOSC/RemoteControlProtocolOSC.uplugin" 77
"../../../Engine/Plugins/Developer/XcodeGPUDebuggerPlugin/XcodeGPUDebuggerPlugin.uplugin" 78
"../../../Engine/Plugins/Compositing/Composure/Composure.uplugin" 79
"../../../Engine/Plugins/Experimental/ActorPalette/ActorPalette.uplugin" 80
"../../../Engine/Plugins/Experimental/AutomationUtils/AutomationUtils.uplugin" 81
"../../../Engine/Plugins/Experimental/AppleVision/AppleVision.uplugin" 82
"../../../Engine/Plugins/Experimental/AssetPlacementEdMode/AssetPlacementEdMode.uplugin" 83
"../../../Engine/Plugins/Experimental/BlueprintStats/BlueprintStats.uplugin" 84
"../../../Engine/Plugins/Experimental/BlueprintSnapNodes/BlueprintSnapNodes.uplugin" 85
"../../../Engine/Plugins/Experimental/ChaosCaching/ChaosCaching.uplugin" 86
"../../../Engine/Plugins/Experimental/BackChannel/BackChannel.uplugin" 87
"../../../Engine/Plugins/Experimental/ChaosClothEditor/ChaosClothEditor.uplugin" 88
"../../../Engine/Plugins/Compositing/OpenColorIO/OpenColorIO.uplugin" 89
"../../../Engine/Plugins/Experimental/ChaosCloth/ChaosCloth.uplugin" 90
"../../../Engine/Plugins/Web/HttpBlueprint/HttpBlueprint.uplugin" 91
"../../../Engine/Plugins/Experimental/ChaosUserDataPT/ChaosUserDataPT.uplugin" 92
"../../../Engine/Plugins/NetcodeUnitTest/NetcodeUnitTest/NetcodeUnitTest.uplugin" 93
"../../../Engine/Plugins/Experimental/ChaosSolverPlugin/ChaosSolverPlugin.uplugin" 94
"../../../Engine/Plugins/Experimental/CharacterAI/CharacterAI.uplugin" 95
"../../../Engine/Plugins/Experimental/CinematicPrestreaming/CinematicPrestreaming.uplugin" 96
"../../../Engine/Plugins/Experimental/CodeEditor/CodeEditor.uplugin" 97
"../../../Engine/Plugins/Experimental/ChaosVehiclesPlugin/ChaosVehiclesPlugin.uplugin" 98
"../../../Engine/Plugins/Experimental/CodeView/CodeView.uplugin" 99
"../../../Engine/Plugins/Experimental/Dataflow/Dataflow.uplugin" 100
"../../../Engine/Plugins/Experimental/CommonConversation/CommonConversation.uplugin" 101
"../../../Engine/Plugins/Experimental/ControlFlows/ControlFlows.uplugin" 102
"../../../Engine/Plugins/Experimental/ColorCorrectRegions/ColorCorrectRegions.uplugin" 103
"../../../Engine/Plugins/Experimental/DataInterface/DataInterface.uplugin" 104
"../../../Engine/Plugins/Experimental/CommonUI/CommonUI.uplugin" 105
"../../../Engine/Plugins/Experimental/DefaultInstallBundleManager/DefaultInstallBundleManager.uplugin" 106
"../../../Engine/Plugins/Experimental/Chooser/Chooser.uplugin" 107
"../../../Engine/Plugins/Experimental/DataInterfaceGraph/DataInterfaceGraph.uplugin" 108
"../../../Engine/Plugins/Experimental/ChaosEditor/ChaosEditor.uplugin" 109
"../../../Engine/Plugins/Experimental/ExampleAssetEditor/ExampleAssetEditor.uplugin" 110
"../../../Engine/Plugins/Experimental/FullBodyIK/FullBodyIK.uplugin" 111
"../../../Engine/Plugins/Experimental/Gauntlet/Gauntlet.uplugin" 112
"../../../Engine/Plugins/Experimental/GameFeatures/GameFeatures.uplugin" 113
"../../../Engine/Plugins/Experimental/GeometryCacheAbcFile/GeometryCacheAbcFile.uplugin" 114
"../../../Engine/Plugins/Experimental/GeometryFlow/GeometryFlow.uplugin" 115
"../../../Engine/Plugins/Experimental/FieldSystemPlugin/FieldSystemPlugin.uplugin" 116
"../../../Engine/Plugins/Experimental/GeometryScripting/GeometryScripting.uplugin" 117
"../../../Engine/Plugins/Experimental/GizmoEdMode/GizmoEdMode.uplugin" 118
"../../../Engine/Plugins/Experimental/GameplayBehaviors/GameplayBehaviors.uplugin" 119
"../../../Engine/Plugins/Experimental/GPULightmass/GPULightmass.uplugin" 120
"../../../Engine/Plugins/Experimental/GizmoFramework/GizmoFramework.uplugin" 121
"../../../Engine/Plugins/Experimental/GeometryCollectionPlugin/GeometryCollectionPlugin.uplugin" 122
"../../../Engine/Plugins/Experimental/HairModelingToolset/HairModelingToolset.uplugin" 123
"../../../Engine/Plugins/Experimental/JWT/JWT.uplugin" 124
"../../../Engine/Plugins/Experimental/ImpostorBaker/ImpostorBaker.uplugin" 125
"../../../Engine/Plugins/Experimental/ImagePlate/ImagePlate.uplugin" 126
"../../../Engine/Plugins/Experimental/Iris/Iris.uplugin" 127
"../../../Engine/Plugins/Experimental/LandscapePatch/LandscapePatch.uplugin" 128
"../../../Engine/Plugins/Experimental/Landmass/Landmass.uplugin" 129
"../../../Engine/Plugins/Experimental/LiveLinkControlRig/LiveLinkControlRig.uplugin" 130
"../../../Engine/Plugins/Experimental/ModularGameplay/ModularGameplay.uplugin" 131
"../../../Engine/Plugins/Experimental/LiveLinkFaceImporter/LiveLinkFaceImporter.uplugin" 132
"../../../Engine/Plugins/Experimental/MeshLODToolset/MeshLODToolset.uplugin" 133
"../../../Engine/Plugins/Experimental/MeshModelingToolsetExp/MeshModelingToolsetExp.uplugin" 134
"../../../Engine/Plugins/Experimental/MotoSynth/MotoSynth.uplugin" 135
"../../../Engine/Plugins/Experimental/MotorSimOutputMotoSynth/MotorSimOutputMotoSynth.uplugin" 136
"../../../Engine/Plugins/Experimental/NaniteDisplacedMesh/NaniteDisplacedMesh.uplugin" 137
"../../../Engine/Plugins/Experimental/OpenImageDenoise/OpenImageDenoise.uplugin" 138
"../../../Engine/Plugins/Experimental/OptiXDenoise/OptiXDenoise.uplugin" 139
"../../../Engine/Plugins/Experimental/PanoramicCapture/PanoramicCapture.uplugin" 140
"../../../Engine/Plugins/Experimental/PhysicsControl/PhysicsControl.uplugin" 141
"../../../Engine/Plugins/Experimental/PCG/PCG.uplugin" 142
"../../../Engine/Plugins/Experimental/PlanarCutPlugin/PlanarCut.uplugin" 143
"../../../Engine/Plugins/Experimental/RawInput/RawInput.uplugin" 144
"../../../Engine/Plugins/Experimental/PythonFoundationPackages/PythonFoundationPackages.uplugin" 145
"../../../Engine/Plugins/Experimental/Mutable/Mutable.uplugin" 146
"../../../Engine/Plugins/Experimental/RemoteSession/RemoteSession.uplugin" 147
"../../../Engine/Plugins/Experimental/PlatformCrypto/PlatformCrypto.uplugin" 148
"../../../Engine/Plugins/Experimental/RenderGrid/RenderGrid.uplugin" 149
"../../../Engine/Plugins/Experimental/NNI/NeuralNetworkInference.uplugin" 150
"../../../Engine/Plugins/Experimental/SampleToolsEditorMode/SampleToolsEditorMode.uplugin" 151
"../../../Engine/Plugins/Experimental/Shotgrid/Shotgrid.uplugin" 152
"../../../Engine/Plugins/Experimental/ScreenReader/ScreenReader.uplugin" 153
"../../../Engine/Plugins/Experimental/StaticMeshEditorModeling/StaticMeshEditorModeling.uplugin" 154
"../../../Engine/Plugins/Experimental/SimpleHMD/SimpleHMD.uplugin" 155
"../../../Engine/Plugins/Experimental/StructUtils/StructUtils.uplugin" 156
"../../../Engine/Plugins/Experimental/SkeletalReduction/SkeletalReduction.uplugin" 157
"../../../Engine/Plugins/Experimental/PythonScriptPlugin/PythonScriptPlugin.uplugin" 158
"../../../Engine/Plugins/Experimental/Text3D/Text3D.uplugin" 159
"../../../Engine/Plugins/Experimental/UIFramework/UIFramework.uplugin" 160
"../../../Engine/Plugins/Experimental/UVEditor/UVEditor.uplugin" 161
"../../../Engine/Plugins/Experimental/TextToSpeech/TextToSpeech.uplugin" 162
"../../../Engine/Plugins/Experimental/ProxyLODPlugin/ProxyLODPlugin.uplugin" 163
"../../../Engine/Plugins/Experimental/VirtualCamera/VirtualCamera.uplugin" 164
"../../../Engine/Plugins/Experimental/VirtualScouting/VirtualScouting.uplugin" 165
"../../../Engine/Plugins/Experimental/VirtualProductionUtilities/VirtualProductionUtilities.uplugin" 166
"../../../Engine/Plugins/Experimental/ChaosNiagara/ChaosNiagara.uplugin" 167
"../../../Engine/Plugins/Experimental/Water/Water.uplugin" 168
"../../../Engine/Plugins/Experimental/WaterExtras/WaterExtras.uplugin" 169
"../../../Engine/Plugins/Experimental/WaveFunctionCollapse/WaveFunctionCollapse.uplugin" 170
"../../../Engine/Plugins/Experimental/VirtualHeightfieldMesh/VirtualHeightfieldMesh.uplugin" 171
"../../../Engine/Plugins/Experimental/WebSocketNetworking/WebSocketNetworking.uplugin" 172
"../../../Engine/Plugins/MovieScene/ActorSequence/ActorSequence.uplugin" 173
"../../../Engine/Plugins/Experimental/Volumetrics/Volumetrics.uplugin" 174
"../../../Engine/Plugins/MovieScene/CustomizableSequencerTracks/CustomizableSequencerTracks.uplugin" 175
"../../../Engine/Plugins/MovieScene/LevelSequenceEditor/LevelSequenceEditor.uplugin" 176
"../../../Engine/Plugins/Experimental/SlateScreenReader/SlateScreenReader.uplugin" 177
"../../../Engine/Plugins/MovieScene/ReplayTracks/ReplayTracks.uplugin" 178
"../../../Engine/Plugins/MovieScene/MovieRenderPipeline/MovieRenderPipeline.uplugin" 179
"../../../Engine/Plugins/Runtime/ActorLayerUtilities/ActorLayerUtilities.uplugin" 180
"../../../Engine/Plugins/MovieScene/MoviePipelineMaskRenderPass/MoviePipelineMaskRenderPass.uplugin" 181
"../../../Engine/Plugins/MovieScene/TemplateSequence/TemplateSequence.uplugin" 182
"../../../Engine/Plugins/Runtime/AndroidBackgroundService/AndroidBackgroundService.uplugin" 183
"../../../Engine/Plugins/Runtime/AndroidFileServer/AndroidFileServer.uplugin" 184
"../../../Engine/Plugins/Runtime/AndroidMoviePlayer/AndroidMoviePlayer.uplugin" 185
"../../../Engine/Plugins/Runtime/AndroidPermission/AndroidPermission.uplugin" 186
"../../../Engine/Plugins/MovieScene/SequencerScripting/SequencerScripting.uplugin" 187
"../../../Engine/Plugins/Runtime/ApexDestruction/ApexDestruction.uplugin" 188
"../../../Engine/Plugins/Runtime/AppleMoviePlayer/AppleMoviePlayer.uplugin" 189
"../../../Engine/Plugins/Runtime/AppleImageUtils/AppleImageUtils.uplugin" 190
"../../../Engine/Plugins/Runtime/ArchVisCharacter/ArchVisCharacter.uplugin" 191
"../../../Engine/Plugins/Runtime/AudioCapture/AudioCapture.uplugin" 192
"../../../Engine/Plugins/Runtime/AudioModulation/AudioModulation.uplugin" 193
"../../../Engine/Plugins/Runtime/AnimationBudgetAllocator/AnimationBudgetAllocator.uplugin" 194
"../../../Engine/Plugins/Runtime/AssetTags/AssetTags.uplugin" 195
"../../../Engine/Plugins/Runtime/AudioSynesthesia/AudioSynesthesia.uplugin" 196
"../../../Engine/Plugins/Runtime/AudioMotorSim/AudioMotorSim.uplugin" 197
"../../../Engine/Plugins/Runtime/AudioWidgets/AudioWidgets.uplugin" 198
"../../../Engine/Plugins/Runtime/CableComponent/CableComponent.uplugin" 199
"../../../Engine/Plugins/Runtime/ComputeFramework/ComputeFramework.uplugin" 200
"../../../Engine/Plugins/Runtime/ChunkDownloader/ChunkDownloader.uplugin" 201
"../../../Engine/Plugins/Runtime/CustomMeshComponent/CustomMeshComponent.uplugin" 202
"../../../Engine/Plugins/Runtime/DataRegistry/DataRegistry.uplugin" 203
"../../../Engine/Plugins/Runtime/GameplayBehaviorSmartObjects/GameplayBehaviorSmartObjects.uplugin" 204
"../../../Engine/Plugins/Runtime/AndroidDeviceProfileSelector/AndroidDeviceProfileSelector.uplugin" 205
"../../../Engine/Plugins/Runtime/GameplayInteractions/GameplayInteractions.uplugin" 206
"../../../Engine/Plugins/Runtime/GameplayStateTree/GameplayStateTree.uplugin" 207
"../../../Engine/Plugins/Runtime/GameplayAbilities/GameplayAbilities.uplugin" 208
"../../../Engine/Plugins/Runtime/GeometryCache/GeometryCache.uplugin" 209
"../../../Engine/Plugins/Runtime/GooglePAD/GooglePAD.uplugin" 210
"../../../Engine/Plugins/Runtime/GeoReferencing/GeoReferencing.uplugin" 211
"../../../Engine/Plugins/Runtime/GeometryProcessing/GeometryProcessing.uplugin" 212
"../../../Engine/Plugins/Runtime/HairStrands/HairStrands.uplugin" 213
"../../../Engine/Plugins/Runtime/GoogleCloudMessaging/GoogleCloudMessaging.uplugin" 214
"../../../Engine/Plugins/Runtime/ExampleDeviceProfileSelector/ExampleDeviceProfileSelector.uplugin" 215
"../../../Engine/Plugins/Runtime/HTTPChunkInstaller/HTTPChunkInstaller.uplugin" 216
"../../../Engine/Plugins/Runtime/IOSDeviceProfileSelector/IOSDeviceProfileSelector.uplugin" 217
"../../../Engine/Plugins/Runtime/InputDebugging/InputDebugging.uplugin" 218
"../../../Engine/Plugins/Runtime/IOSReplayKit/IOSReplayKit.uplugin" 219
"../../../Engine/Plugins/Runtime/LinuxDeviceProfileSelector/LinuxDeviceProfileSelector.uplugin" 220
"../../../Engine/Plugins/Runtime/LiveLinkOvernDisplay/LiveLinkOverNDisplay.uplugin" 221
"../../../Engine/Plugins/Runtime/LocationServicesAndroidImpl/LocationServicesAndroidImpl.uplugin" 222
"../../../Engine/Plugins/Runtime/Firebase/Firebase.uplugin" 223
"../../../Engine/Plugins/Runtime/LocationServicesBPLibrary/LocationServicesBPLibrary.uplugin" 224
"../../../Engine/Plugins/Runtime/MassGameplay/MassGameplay.uplugin" 225
"../../../Engine/Plugins/Runtime/MassEntity/MassEntity.uplugin" 226
"../../../Engine/Plugins/Runtime/HDRIBackdrop/HDRIBackdrop.uplugin" 227
"../../../Engine/Plugins/Runtime/MeshModelingToolset/MeshModelingToolset.uplugin" 228
"../../../Engine/Plugins/Runtime/MIDIDevice/MIDIDevice.uplugin" 229
"../../../Engine/Plugins/Runtime/Metasound/Metasound.uplugin" 230
"../../../Engine/Plugins/Runtime/MicrosoftSpatialAudio/MicroSoftSpatialSound.uplugin" 231
"../../../Engine/Plugins/Runtime/MobileFSR/MobileFSR.uplugin" 232
"../../../Engine/Plugins/Runtime/MixedRealityCaptureFramework/MixedRealityCaptureFramework.uplugin" 233
"../../../Engine/Plugins/Runtime/LocationServicesIOSImpl/LocationServicesIOSImpl.uplugin" 234
"../../../Engine/Plugins/Runtime/HPMotionController/HPMotionController.uplugin" 235
"../../../Engine/Plugins/Runtime/nDisplayModularFeatures/nDisplayModularFeatures.uplugin" 236
"../../../Engine/Plugins/Runtime/ModelViewViewModel/ModelViewViewModel.uplugin" 237
"../../../Engine/Plugins/Runtime/NetworkPredictionInsights/NetworkPredictionInsights.uplugin" 238
"../../../Engine/Plugins/Runtime/NetworkPrediction/NetworkPrediction.uplugin" 239
"../../../Engine/Plugins/Runtime/NavCorridor/NavCorridor.uplugin" 240
"../../../Engine/Plugins/Experimental/WidgetEditorToolPalette/WidgetEditorToolPalette.uplugin" 241
"../../../Engine/Plugins/Runtime/OpenXREyeTracker/OpenXREyeTracker.uplugin" 242
"../../../Engine/Plugins/Runtime/OpenXR/OpenXR.uplugin" 243
"../../../Engine/Plugins/Runtime/OpenXRHandTracking/OpenXRHandTracking.uplugin" 244
"../../../Engine/Plugins/Runtime/nDisplay/nDisplay.uplugin" 245
"../../../Engine/Plugins/Runtime/OpenCV/OpenCV.uplugin" 246
"../../../Engine/Plugins/Runtime/NetworkPredictionExtras/NetworkPredictionExtras.uplugin" 247
"../../../Engine/Plugins/Runtime/OpenXRMsftHandInteraction/OpenXRMsftHandInteraction.uplugin" 248
"../../../Engine/Plugins/Runtime/OSC/OSC.uplugin" 249
"../../../Engine/Plugins/Runtime/PreLoadScreenMoviePlayer/PreLoadScreenMoviePlayer.uplugin" 250
"../../../Engine/Plugins/Runtime/OptionalMobileFeaturesBPLibrary/OptionalMobileFeaturesBPLibrary.uplugin" 251
"../../../Engine/Plugins/Runtime/OSCModulationMixing/OSCModulationMixing.uplugin" 252
"../../../Engine/Plugins/Runtime/ProceduralMeshComponent/ProceduralMeshComponent.uplugin" 253
"../../../Engine/Plugins/Runtime/ReplicationSystemTestPlugin/ReplicationSystemTestPlugin.uplugin" 254
"../../../Engine/Plugins/Runtime/RenderTrace/RenderTrace.uplugin" 255
"../../../Engine/Plugins/Runtime/ResonanceAudio/ResonanceAudio.uplugin" 256
"../../../Engine/Plugins/Runtime/SmartObjects/SmartObjects.uplugin" 257
"../../../Engine/Plugins/Runtime/SkeletalMerging/SkeletalMerging.uplugin" 258
"../../../Engine/Plugins/Runtime/SignificanceManager/SignificanceManager.uplugin" 259
"../../../Engine/Plugins/Runtime/Soundscape/Soundscape.uplugin" 260
"../../../Engine/Plugins/Runtime/ReplicationGraph/ReplicationGraph.uplugin" 261
"../../../Engine/Plugins/Runtime/SoundFields/SoundFields.uplugin" 262
"../../../Engine/Plugins/Runtime/SoundMod/SoundMod.uplugin" 263
"../../../Engine/Plugins/Runtime/PropertyAccess/PropertyAccessEditor.uplugin" 264
"../../../Engine/Plugins/Runtime/SoundUtilities/SoundUtilities.uplugin" 265
"../../../Engine/Plugins/Runtime/SoundCueTemplates/SoundCueTemplates.uplugin" 266
"../../../Engine/Plugins/Runtime/StateTree/StateTree.uplugin" 267
"../../../Engine/Plugins/Runtime/SunPosition/SunPosition.uplugin" 268
"../../../Engine/Plugins/Runtime/Synthesis/Synthesis.uplugin" 269
"../../../Engine/Plugins/Runtime/Spatialization/Spatialization.uplugin" 270
"../../../Engine/Plugins/Runtime/WebBrowserNativeProxy/WebBrowserNativeProxy.uplugin" 271
"../../../Engine/Plugins/Runtime/WebBrowserWidget/WebBrowserWidget.uplugin" 272
"../../../Engine/Plugins/Runtime/WindowsDeviceProfileSelector/WindowsDeviceProfileSelector.uplugin" 273
"../../../Engine/Plugins/Runtime/WindowsMoviePlayer/WindowsMoviePlayer.uplugin" 274
"../../../Engine/Plugins/Runtime/ZoneGraph/ZoneGraph.uplugin" 275
"../../../Engine/Plugins/Runtime/ZoneGraphAnnotations/ZoneGraphAnnotations.uplugin" 276
"../../../Engine/Plugins/Runtime/WaveTable/WaveTable.uplugin" 277
"../../../Engine/Plugins/Animation/AnimationModifierLibrary/AnimationModifierLibrary.uplugin" 278
"../../../Engine/Plugins/Animation/AnimationLocomotionLibrary/AnimationLocomotionLibrary.uplugin" 279
"../../../Engine/Plugins/Portal/LauncherChunkInstaller/LauncherChunkInstaller.uplugin" 280
"../../../Engine/Plugins/Animation/AnimationWarping/AnimationWarping.uplugin" 281
"../../../Engine/Plugins/Animation/AnimToTexture/AnimToTexture.uplugin" 282
"../../../Engine/Plugins/Runtime/WarpUtils/WarpUtils.uplugin" 283
"../../../Engine/Plugins/Animation/ControlRig/ControlRig.uplugin" 284
"../../../Engine/Plugins/Animation/LiveLink/LiveLink.uplugin" 285
"../../../Engine/Plugins/Animation/DeformerGraph/DeformerGraph.uplugin" 286
"../../../Engine/Plugins/Animation/LiveLinkCurveDebugUI/LiveLinkCurveDebugUI.uplugin" 287
"../../../Engine/Plugins/Animation/GameplayInsights/GameplayInsights.uplugin" 288
"../../../Engine/Plugins/Animation/RigLogic/RigLogic.uplugin" 289
"../../../Engine/Plugins/Animation/BlendSpaceMotionAnalysis/BlendSpaceMotionAnalysis.uplugin" 290
"../../../Engine/Plugins/Animation/MotionWarping/MotionWarping.uplugin" 291
"../../../Engine/Plugins/FX/NiagaraFluids/NiagaraFluids.uplugin" 292
"../../../Engine/Plugins/FX/NiagaraSimCaching/NiagaraSimCaching.uplugin" 293
"../../../Engine/Plugins/FX/CascadeToNiagaraConverter/CascadeToNiagaraConverter.uplugin" 294
"../../../Engine/Plugins/Animation/ControlRigSpline/ControlRigSpline.uplugin" 295
"../../../Engine/Plugins/Messaging/MessagingDebugger/MessagingDebugger.uplugin" 296
"../../../Engine/Plugins/FX/Niagara/Niagara.uplugin" 297
"../../../Engine/Plugins/Animation/IKRig/IKRig.uplugin" 298
"../../../Engine/Plugins/FX/ExampleCustomDataInterface/ExampleCustomDataInterface.uplugin" 299
"../../../Engine/Plugins/Messaging/TcpMessaging/TcpMessaging.uplugin" 300
"../../../Engine/Plugins/Messaging/UdpMessaging/UdpMessaging.uplugin" 301
"../../../Engine/Plugins/Tests/EditorTests/EditorTests.uplugin" 302
"../../../Engine/Plugins/Tests/InterchangeTests/InterchangeTests.uplugin" 303
"../../../Engine/Plugins/Tests/FunctionalTestingEditor/FunctionalTestingEditor.uplugin" 304
"../../../Engine/Plugins/Tests/AutomationDriverTests/AutomationDriverTests.uplugin" 305
"../../../Engine/Plugins/Tests/PythonAutomationTest/PythonAutomationTest.uplugin" 306
"../../../Engine/Plugins/Tests/RuntimeTests/RuntimeTests.uplugin" 307
"../../../Engine/Plugins/Tests/FbxAutomationTestBuilder/FbxAutomationTestBuilder.uplugin" 308
"../../../Engine/Plugins/Tests/TestSamples/TestSamples.uplugin" 309
"../../../Engine/Plugins/Interchange/Editor/InterchangeEditor.uplugin" 310
"../../../Engine/Plugins/Compression/OodleNetwork/OodleNetwork.uplugin" 311
"../../../Engine/Plugins/Enterprise/AxFImporter/AxFImporter.uplugin" 312
"../../../Engine/Plugins/Interchange/Runtime/Interchange.uplugin" 313
"../../../Engine/Plugins/Enterprise/DatasmithContent/DatasmithContent.uplugin" 314
"../../../Engine/Plugins/Enterprise/DataprepEditor/DataprepEditor.uplugin" 315
"../../../Engine/Plugins/Enterprise/DatasmithCADImporter/DatasmithCADImporter.uplugin" 316
"../../../Engine/Plugins/Enterprise/DatasmithC4DImporter/DatasmithC4DImporter.uplugin" 317
"../../../Engine/Plugins/Enterprise/DatasmithFBXImporter/DatasmithFBXImporter.uplugin" 318
"../../../Engine/Plugins/Enterprise/DatasmithGLTFImporter/DatasmithGLTFImporter.uplugin" 319
"../../../Engine/Plugins/Enterprise/DatasmithIFCImporter/DatasmithIFCImporter.uplugin" 320
"../../../Engine/Plugins/Enterprise/DatasmithImporter/DatasmithImporter.uplugin" 321
"../../../Engine/Plugins/Enterprise/GLTFExporter/GLTFExporter.uplugin" 322
"../../../Engine/Plugins/Enterprise/LidarPointCloud/LidarPointCloud.uplugin" 323
"../../../Engine/Plugins/Enterprise/VariantManagerContent/VariantManagerContent.uplugin" 324
"../../../Engine/Plugins/Media/AndroidCamera/AndroidCamera.uplugin" 325
"../../../Engine/Plugins/Media/AjaMedia/AjaMedia.uplugin" 326
"../../../Engine/Plugins/Tests/RHITests/RHITests.uplugin" 327
"../../../Engine/Plugins/Enterprise/MDLImporter/MDLImporter.uplugin" 328
"../../../Engine/Plugins/Media/AppleProResMedia/AppleProResMedia.uplugin" 329
"../../../Engine/Plugins/Media/AvfMedia/AvfMedia.uplugin" 330
"../../../Engine/Plugins/Media/AudioCaptureTimecodeProvider/AudioCaptureTimecodeProvider.uplugin" 331
"../../../Engine/Plugins/Media/ElectraCDM/ElectraCDM.uplugin" 332
"../../../Engine/Plugins/Media/AndroidMedia/AndroidMedia.uplugin" 333
"../../../Engine/Plugins/Runtime/WebMMoviePlayer/WebMMoviePlayer.uplugin" 334
"../../../Engine/Plugins/Media/AvidDNxMedia/AvidDNxMedia.uplugin" 335
"../../../Engine/Plugins/Media/ElectraSubtitles/ElectraSubtitles.uplugin" 336
"../../../Engine/Plugins/Media/BlackmagicMedia/BlackmagicMedia.uplugin" 337
"../../../Engine/Plugins/Media/BinkMedia/BinkMedia.uplugin" 338
"../../../Engine/Plugins/Media/ElectraPlayer/ElectraPlayer.uplugin" 339
"../../../Engine/Plugins/Media/HardwareEncoders/HardwareEncoders.uplugin" 340
"../../../Engine/Plugins/Media/ElectraUtil/ElectraUtil.uplugin" 341
"../../../Engine/Plugins/Media/HLMedia/HLMedia.uplugin" 342
"../../../Engine/Plugins/Media/ImgMedia/ImgMedia.uplugin" 343
"../../../Engine/Plugins/Media/HAPMedia/HAPMedia.uplugin" 344
"../../../Engine/Plugins/Media/LinearTimecode/LinearTimecode.uplugin" 345
"../../../Engine/Plugins/Media/MediaCompositing/MediaCompositing.uplugin" 346
"../../../Engine/Plugins/Media/MediaMovieStreamer/MediaMovieStreamer.uplugin" 347
"../../../Engine/Plugins/Media/MediaIOFramework/MediaIOFramework.uplugin" 348
"../../../Engine/Plugins/Media/MediaPlate/MediaPlate.uplugin" 349
"../../../Engine/Plugins/Media/MediaFrameworkUtilities/MediaFrameworkUtilities.uplugin" 350
"../../../Engine/Plugins/Media/PixelCapture/PixelCapture.uplugin" 351
"../../../Engine/Plugins/Media/MfMedia/MfMedia.uplugin" 352
"../../../Engine/Plugins/Media/PixelStreaming/PixelStreaming.uplugin" 353
"../../../Engine/Plugins/Media/MediaPlayerEditor/MediaPlayerEditor.uplugin" 354
"../../../Engine/Plugins/Media/PixelStreamingPlayer/PixelStreamingPlayer.uplugin" 355
"../../../Engine/Plugins/Media/WmfMedia/WmfMedia.uplugin" 356
"../../../Engine/Plugins/Media/WebMMedia/WebMMedia.uplugin" 357
"../../../Engine/Plugins/Enterprise/VariantManager/VariantManager.uplugin" 358
"../../../Engine/Plugins/Online/EOSShared/EOSShared.uplugin" 359
"../../../Engine/Plugins/Media/TimecodeSynchronizer/TimecodeSynchronizer.uplugin" 360
"../../../Engine/Plugins/Online/OnlineBase/OnlineBase.uplugin" 361
"../../../Engine/Plugins/Online/OnlineServices/OnlineServices.uplugin" 362
"../../../Engine/Plugins/Online/OnlineFramework/OnlineFramework.uplugin" 363
"../../../Engine/Plugins/Online/OnlineServicesEOS/OnlineServicesEOS.uplugin" 364
"../../../Engine/Plugins/Online/OnlineServicesEOSGS/OnlineServicesEOSGS.uplugin" 365
"../../../Engine/Plugins/Runtime/MobilePatchingUtils/MobilePatchingUtils.uplugin" 366
"../../../Engine/Plugins/Online/OnlineServicesNull/OnlineServicesNull.uplugin" 367
"../../../Engine/Plugins/Online/OnlineSubsystemAmazon/OnlineSubsystemAmazon.uplugin" 368
"../../../Engine/Plugins/Online/OnlineSubsystem/OnlineSubsystem.uplugin" 369
"../../../Engine/Plugins/Online/OnlineSubsystemApple/OnlineSubsystemApple.uplugin" 370
"../../../Engine/Plugins/Online/OnlineSubsystemGoogle/OnlineSubsystemGoogle.uplugin" 371
"../../../Engine/Plugins/Online/OnlineSubsystemEOS/OnlineSubsystemEOS.uplugin" 372
"../../../Engine/Plugins/Online/OnlineSubsystemFacebook/OnlineSubsystemFacebook.uplugin" 373
"../../../Engine/Plugins/NetcodeUnitTest/NUTUnrealEngine/NUTUnrealEngine.uplugin" 374
"../../../Engine/Plugins/Online/OnlineSubsystemNull/OnlineSubsystemNull.uplugin" 375
"../../../Engine/Plugins/Online/OnlineSubsystemOculus/OnlineSubsystemOculus.uplugin" 376
"../../../Engine/Plugins/Online/OnlineSubsystemTencent/OnlineSubsystemTencent.uplugin" 377
"../../../Engine/Plugins/Online/OnlineSubsystemSteam/OnlineSubsystemSteam.uplugin" 378
"../../../Engine/Plugins/Online/OnlineServicesOSSAdapter/OnlineServicesOSSAdapter.uplugin" 379
"../../../Engine/Plugins/Slate/SlateInsights/SlateInsights.uplugin" 380
"../../../Engine/Plugins/Online/SocketSubsystemEOS/SocketSubsystemEOS.uplugin" 381
"../../../Engine/Plugins/Online/WebAuth/WebAuth.uplugin" 382
"../../../Engine/Plugins/Online/OnlineSubsystemUtils/OnlineSubsystemUtils.uplugin" 383
"../../../Engine/Plugins/2D/Paper2D/Paper2D.uplugin" 384
"../../../Engine/Plugins/AI/EnvironmentQueryEditor/EnvironmentQueryEditor.uplugin" 385
"../../../Engine/Plugins/AI/AISupport/AISupport.uplugin" 386
"../../../Engine/Plugins/AI/HTNPlanner/HTNPlanner.uplugin" 387
"../../../Engine/Plugins/AI/MassAI/MassAI.uplugin" 388
"../../../Engine/Plugins/AI/MLAdapter/MLAdapter.uplugin" 389
"../../../Engine/Plugins/Editor/AssetManagerEditor/AssetManagerEditor.uplugin" 390
"../../../Engine/Plugins/Editor/AssetRegistryExport/AssetRegistryExport.uplugin" 391
"../../../Engine/Plugins/Editor/BlueprintHeaderView/BlueprintHeaderView.uplugin" 392
"../../../Engine/Plugins/Editor/AssetSearch/AssetSearch.uplugin" 393
"../../../Engine/Plugins/Editor/ConsoleVariablesEditor/ConsoleVariables.uplugin" 394
"../../../Engine/Plugins/Editor/BlueprintMaterialTextureNodes/BlueprintMaterialTextureNodes.uplugin" 395
"../../../Engine/Plugins/Editor/DataValidation/DataValidation.uplugin" 396
"../../../Engine/Plugins/Editor/CurveEditorTools/CurveEditorTools.uplugin" 397
"../../../Engine/Plugins/Editor/DisplayClusterLaunch/DisplayClusterLaunch.uplugin" 398
"../../../Engine/Plugins/Editor/EditorScriptingUtilities/EditorScriptingUtilities.uplugin" 399
"../../../Engine/Plugins/Editor/EditorDebugTools/EditorDebugTools.uplugin" 400
"../../../Engine/Plugins/Editor/CryptoKeys/CryptoKeys.uplugin" 401
"../../../Engine/Plugins/Editor/FacialAnimation/FacialAnimation.uplugin" 402
"../../../Engine/Plugins/Editor/GeometryMode/GeometryMode.uplugin" 403
"../../../Engine/Plugins/Editor/MacGraphicsSwitching/MacGraphicsSwitching.uplugin" 404
"../../../Engine/Plugins/Editor/MakeCookedEditorAsDLC/MakeCookedEditorAsDLC.uplugin" 405
"../../../Engine/Plugins/Editor/GuidedTutorials/GuidedTutorials.uplugin" 406
"../../../Engine/Plugins/Editor/MaterialAnalyzer/MaterialAnalyzer.uplugin" 407
"../../../Engine/Plugins/Editor/SequencerAnimTools/SequencerAnimTools.uplugin" 408
"../../../Engine/Plugins/Editor/MobileLauncherProfileWizard/MobileLauncherProfileWizard.uplugin" 409
"../../../Engine/Plugins/Editor/PluginBrowser/PluginBrowser.uplugin" 410
"../../../Engine/Plugins/Editor/ModelingToolsEditorMode/ModelingToolsEditorMode.uplugin" 411
"../../../Engine/Plugins/Editor/WaveformEditor/WaveformEditor.uplugin" 412
"../../../Engine/Plugins/Editor/SpeedTreeImporter/SpeedTreeImporter.uplugin" 413
"../../../Engine/Plugins/Editor/AssetReferenceRestrictions/AssetReferenceRestrictions.uplugin" 414
"../../../Engine/Plugins/Editor/GLTFImporter/GLTFImporter.uplugin" 415
"../../../Engine/Plugins/Editor/StylusInput/StylusInput.uplugin" 416
"../../../Engine/Plugins/Slate/SlateScripting/SlateScripting.uplugin" 417
"../../../Engine/Plugins/Editor/GameplayTagsEditor/GameplayTagsEditor.uplugin" 418
"../../../Engine/Plugins/Online/VoiceChat/EOSVoiceChat/EOSVoiceChat.uplugin" 419
"../../../Engine/Plugins/Editor/WorldPartitionHLODUtilities/WorldPartitionHLODUtilities.uplugin" 420
"../../../Engine/Plugins/Developer/Concert/ConcertMain/ConcertMain.uplugin" 421
"../../../Engine/Plugins/Online/VoiceChat/VoiceChat/VoiceChat.uplugin" 422
"../../../Engine/Plugins/Runtime/Advertising/IOSTapJoy/IOSTapJoy.uplugin" 423
"../../../Engine/Plugins/Experimental/AR/PointCloud/PointCloud.uplugin" 424
"../../../Engine/Plugins/Runtime/Nvidia/GeForceNOWWrapper/GeForceNOWWrapper.uplugin" 425
"../../../Engine/Plugins/Runtime/AR/ARUtilities/ARUtilities.uplugin" 426
"../../../Engine/Plugins/Experimental/VirtualProduction/LedWallCalibration/LedWallCalibration.uplugin" 427
"../../../Engine/Plugins/VirtualProduction/Rivermax/RivermaxCore/RivermaxCore.uplugin" 428
"../../../Engine/Plugins/Runtime/Nvidia/Reflex/Reflex.uplugin" 429
"../../../Engine/Plugins/Runtime/AR/AzureSpatialAnchorsForARCore/AzureSpatialAnchorsForARCore.uplugin" 430
"../../../Engine/Plugins/VirtualProduction/Rivermax/RivermaxMedia/RivermaxMedia.uplugin" 431
"../../../Engine/Plugins/Runtime/AR/AzureSpatialAnchors/AzureSpatialAnchors.uplugin" 432
"../../../Engine/Plugins/Runtime/Analytics/AnalyticsBlueprintLibrary/AnalyticsBlueprintLibrary.uplugin" 433
"../../../Engine/Plugins/Runtime/Analytics/Adjust/Adjust.uplugin" 434
"../../../Engine/Plugins/Runtime/Analytics/FileLogging/FileLogging.uplugin" 435
"../../../Engine/Plugins/Runtime/Analytics/AnalyticsMulticast/AnalyticsMulticast.uplugin" 436
"../../../Engine/Plugins/Runtime/Analytics/Flurry/Flurry.uplugin" 437
"../../../Engine/Plugins/Editor/ContentBrowser/ContentBrowserAliasDataSoure/ContentBrowserAliasDataSource.uplugin" 438
"../../../Engine/Plugins/Editor/ContentBrowser/ContentBrowserClassDataSource/ContentBrowserClassDataSource.uplugin" 439
"../../../Engine/Plugins/Editor/ContentBrowser/ContentBrowserAssetDataSource/ContentBrowserAssetDataSource.uplugin" 440
"../../../Engine/Plugins/Editor/ContentBrowser/ContentBrowserFileDataSource/ContentBrowserFileDataSource.uplugin" 441
"../../../Engine/Plugins/VirtualProduction/DMX/DatasmithMVR/DatasmithMVR.uplugin" 442
"../../../Engine/Plugins/VirtualProduction/DMX/DMXDisplayCluster/DMXDisplayCluster.uplugin" 443
"../../../Engine/Plugins/VirtualProduction/DMX/DMXEngine/DMXEngine.uplugin" 444
"../../../Engine/Plugins/VirtualProduction/DMX/DMXModularFeatures/DMXModularFeatures.uplugin" 445
"../../../Engine/Plugins/Runtime/MeshReconstruction/DummyMeshReconstructor/DummyMeshReconstructor.uplugin" 446
"../../../Engine/Plugins/VirtualProduction/DMX/DMXProtocol/DMXProtocol.uplugin" 447
"../../../Engine/Plugins/VirtualProduction/DMX/DMXPixelMapping/DMXPixelMapping.uplugin" 448
"../../../Engine/Plugins/Online/Android/AndroidFetchBackgroundDownload/AndroidFetchBackgroundDownload.uplugin" 449
"../../../Engine/Plugins/Runtime/XR/XRVisualization/XRVisualization.uplugin" 450
"../../../Engine/Plugins/VirtualProduction/DMX/DMXFixtures/DMXFixtures.uplugin" 451
"../../../Engine/Plugins/Online/Android/OnlineSubsystemGooglePlay/OnlineSubsystemGooglePlay.uplugin" 452
"../../../Engine/Plugins/Runtime/Database/RemoteDatabaseSupport/RemoteDatabaseSupport.uplugin" 453
"../../../Engine/Plugins/Runtime/Database/ADOSupport/ADOSupport.uplugin" 454
"../../../Engine/Plugins/Runtime/Database/DatabaseSupport/DatabaseSupport.uplugin" 455
"../../../Engine/Plugins/Runtime/Database/SQLiteCore/SQLiteCore.uplugin" 456
"../../../Engine/Plugins/Experimental/Web/WebAPI/WebAPI.uplugin" 457
"../../../Engine/Plugins/Runtime/Database/SQLiteSupport/SQLiteSupport.uplugin" 458
"../../../Engine/Plugins/Runtime/Oculus/OculusAudio/OculusAudio.uplugin" 459
"../../../Engine/Plugins/Editor/ObjectMixer/LightMixer/LightMixer.uplugin" 460
"../../../Engine/Plugins/Runtime/Oculus/OculusVR/OculusVR.uplugin" 461
"../../../Engine/Plugins/Editor/ObjectMixer/ObjectMixer/ObjectMixer.uplugin" 462
"../../../Engine/Plugins/Experimental/Animation/CurveExpression/CurveExpression.uplugin" 463
"../../../Engine/Plugins/Experimental/Animation/MotionTrajectory/MotionTrajectory.uplugin" 464
"../../../Engine/Plugins/Experimental/Animation/ContextualAnimation/ContextualAnimation.uplugin" 465
"../../../Engine/Plugins/Experimental/Animation/Optimus/Optimus.uplugin" 466
"../../../Engine/Plugins/Experimental/Animation/PoseSearch/PoseSearch.uplugin" 467
"../../../Engine/Plugins/Experimental/Animation/SkeletalMeshModelingTools/SkeletalMeshModelingTools.uplugin" 468
"../../../Engine/Plugins/Runtime/PacketHandlers/AESHandlerComponent/AESHandlerComponent.uplugin" 469
"../../../Engine/Plugins/Runtime/PacketHandlers/AESGCMHandlerComponent/AESGCMHandlerComponent.uplugin" 470
"../../../Engine/Plugins/Runtime/PacketHandlers/DTLSHandlerComponent/DTLSHandlerComponent.uplugin" 471
"../../../Engine/Plugins/Runtime/Steam/SteamController/SteamController.uplugin" 472
"../../../Engine/Plugins/Runtime/Steam/SteamVR/SteamVR.uplugin" 473
"../../../Engine/Plugins/Runtime/Steam/SteamAudio/SteamAudio.uplugin" 474
"../../../Engine/Plugins/Experimental/Enterprise/DataprepGeometryOperations/DataprepGeometryOperations.uplugin" 475
"../../../Engine/Plugins/Runtime/Steam/SteamSockets/SteamSockets.uplugin" 476
"../../../Engine/Plugins/Experimental/Enterprise/DatasmithInterchange/DatasmithInterchange.uplugin" 477
"../../../Engine/Plugins/Experimental/Enterprise/DatasmithRuntime/DatasmithRuntime.uplugin" 478
"../../../Engine/Plugins/Online/IOS/OnlineSubsystemIOS/OnlineSubsystemIOS.uplugin" 479
"../../../Engine/Plugins/Runtime/Steam/SteamShared/SteamShared.uplugin" 480
"../../../Engine/Plugins/Runtime/Windows/WinDualShock/WinDualShock.uplugin" 481
"../../../Engine/Plugins/Animation/MLDeformer/MLDeformerFramework/MLDeformerFramework.uplugin" 482
"../../../Engine/Plugins/Animation/MLDeformer/NeuralMorphModel/NeuralMorphModel.uplugin" 483
"../../../Engine/Plugins/Animation/MLDeformer/NearestNeighborModel/NearestNeighborModel.uplugin" 484
"../../../Engine/Plugins/Runtime/AR/AzureSpatialAnchorsForARKit/AzureSpatialAnchorsForARKit.uplugin" 485
"../../../Engine/Plugins/Developer/Concert/ConcertApp/DisasterRecoveryClient/DisasterRecoveryClient.uplugin" 486
"../../../Engine/Plugins/Animation/MLDeformer/VertexDeltaModel/VertexDeltaModel.uplugin" 487
"../../../Engine/Plugins/Developer/Concert/ConcertApp/MultiUserServer/MultiUserServer.uplugin" 488
"../../../Engine/Plugins/Developer/Concert/ConcertSync/ConcertSyncClient/ConcertSyncClient.uplugin" 489
"../../../Engine/Plugins/Developer/Concert/ConcertApp/MultiUserClient/MultiUserClient.uplugin" 490
"../../../Engine/Plugins/Developer/Concert/ConcertSync/ConcertSyncServer/ConcertSyncServer.uplugin" 491
"../../../Engine/Plugins/Developer/Concert/ConcertSync/ConcertSyncCore/ConcertSyncCore.uplugin" 492
"../../../Engine/Plugins/Developer/Concert/ConcertSync/ConcertSyncTest/ConcertSyncTest.uplugin" 493
"../../../Engine/Plugins/Developer/Concert/ConcertUI/ConcertSharedSlate/ConcertSharedSlate.uplugin" 494
"../../../Engine/Plugins/Runtime/AR/AppleAR/AppleARKit/AppleARKit.uplugin" 495
"../../../Engine/Plugins/Runtime/AR/Google/GoogleARCore/GoogleARCore.uplugin" 496
"../../../Engine/Plugins/Runtime/AR/AppleAR/AppleARKitFaceSupport/AppleARKitFaceSupport.uplugin" 497
"../../../Engine/Plugins/Runtime/AR/Google/GoogleARCoreServices/GoogleARCoreServices.uplugin" 498
"../../../Engine/Plugins/AI/MassCrowd/MassCrowd.uplugin" 499
"../../../Engine/Plugins/Developer/Concert/ConcertUI/ConcertClientSharedSlate/ConcertClientSharedSlate.uplugin" 500
"../../../Engine/Platforms/HoloLens/Plugins/Online/OnlineServicesEOS/OnlineServicesEOS_HoloLens.uplugin" 501
"../../../Engine/Platforms/HoloLens/Plugins/Media/MfMedia/MfMedia_HoloLens.uplugin" 502
"../../../Engine/Platforms/HoloLens/Plugins/Runtime/OpenXR/OpenXR_HoloLens.uplugin" 503
"../../../Engine/Platforms/HoloLens/Plugins/Online/OnlineServicesEOSGS/OnlineServicesEOSGS_HoloLens.uplugin" 504
"../../../Engine/Platforms/HoloLens/Plugins/Runtime/ApexDestruction/ApexDestruction_HoloLens.uplugin" 505
"../../../Engine/Platforms/HoloLens/Plugins/Compression/OodleNetwork/OodleNetwork_HoloLens.uplugin" 506
"../../../Engine/Platforms/HoloLens/Plugins/Runtime/GeoReferencing/GeoReferencing_HoloLens.uplugin" 507
"../../../Engine/Platforms/HoloLens/Plugins/Media/HLMedia/HLMedia_HoloLens.uplugin" 508
"../../../Engine/Platforms/HoloLens/Plugins/Runtime/OpenXRHandTracking/OpenXRHandTracking_HoloLens.uplugin" 509
"../../../Engine/Platforms/HoloLens/Plugins/Runtime/OpenXREyeTracker/OpenXREyeTracker_HoloLens.uplugin" 510
"../../../Engine/Platforms/HoloLens/Plugins/Runtime/MicrosoftSpatialAudio/MicroSoftSpatialSound_HoloLens.uplugin" 511
"../../../Engine/Platforms/HoloLens/Plugins/Runtime/OpenXRMsftHandInteraction/OpenXRMsftHandInteraction_HoloLens.uplugin" 512
"../../../Engine/Platforms/HoloLens/Plugins/Media/BinkMedia/BinkMedia_HoloLens.uplugin" 513
"../../../Engine/Platforms/HoloLens/Plugins/Runtime/AR/AzureSpatialAnchors/AzureSpatialAnchors_HoloLens.uplugin" 514
"D:/GitHub/UnealStudy/UnrealBuildSystem/Plugins/GameUtility/GameUtility.uplugin" 515
"../../../Engine/Content/Internationalization/icudt64l/cnvalias.icu" 516
"../../../Engine/Content/Internationalization/icudt64l/res_index.res" 517
"../../../Engine/Content/Internationalization/icudt64l/plurals.res" 518
"../../../Engine/Content/Internationalization/icudt64l/lang/ko.res" 519
"../../../Engine/Content/Internationalization/icudt64l/lang/pool.res" 520
"../../../Engine/Content/Internationalization/icudt64l/lang/root.res" 521
"../../../Engine/Content/Internationalization/icudt64l/region/ko.res" 522
"../../../Engine/Content/Internationalization/icudt64l/region/pool.res" 523
"../../../Engine/Content/Internationalization/icudt64l/region/root.res" 524
"../../../Engine/Content/Internationalization/icudt64l/lang/en.res" 525
"../../../Engine/Content/Internationalization/icudt64l/region/en.res" 526
"../../../Engine/Content/Internationalization/icudt64l/windowsZones.res" 527
"../../../Engine/Content/Internationalization/icudt64l/zoneinfo64.res" 528
"../../../Engine/Content/Internationalization/icudt64l/keyTypeData.res" 529
"../../../Engine/Content/Internationalization/icudt64l/timezoneTypes.res" 530
"../../../Engine/Content/Internationalization/icudt64l/likelySubtags.res" 531
"../../../Engine/Content/Internationalization/icudt64l/ko_KR.res" 532
"../../../Engine/Content/Internationalization/icudt64l/pool.res" 533
"../../../Engine/Content/Internationalization/icudt64l/ko.res" 534
"../../../Engine/Content/Internationalization/icudt64l/root.res" 535
"../../../Engine/Content/Internationalization/icudt64l/supplementalData.res" 536
"../../../Engine/Config/ConfigRedirects.ini" 537
"C:/Users/?????????/AppData/Local/UnrealEngine/5.1/Saved/Config/WindowsEditor/Manifest.ini" 538
"../../../Engine/Config/Base.ini" 539
"../../../Engine/Config/BaseEngine.ini" 540
"../../../Engine/Config/Windows/BaseWindowsEngine.ini" 541
"../../../../../../GitHub/UnealStudy/UnrealBuildSystem/Config/DefaultEngine.ini" 542
"../../../Engine/Config/Windows/WindowsEngine.ini" 543
"../../../Engine/Config/Android/BaseAndroidEngine.ini" 544
"../../../Engine/Config/IOS/BaseIOSEngine.ini" 545
"../../../Engine/Config/Android/AndroidEngine.ini" 546
"D:/GitHub/UnealStudy/UnrealBuildSystem/Saved/Config/WindowsEditor/Engine.ini" 547
"../../../Engine/Config/IOS/IOSEngine.ini" 548
"../../../Engine/Config/TVOS/TVOSEngine.ini" 549
"../../../Engine/Config/HoloLens/HoloLensEngine.ini" 550
"../../../Engine/Config/BaseGame.ini" 551
"../../../Engine/Config/Linux/BaseLinuxEngine.ini" 552
"../../../Engine/Config/Unix/UnixEngine.ini" 553
"../../../Engine/Config/LinuxArm64/LinuxArm64Engine.ini" 554
"../../../Engine/Config/Windows/WindowsGame.ini" 555
"../../../Engine/Config/Linux/LinuxEngine.ini" 556
"D:/GitHub/UnealStudy/UnrealBuildSystem/Saved/Config/WindowsEditor/Game.ini" 557
"../../../Engine/Config/BaseInput.ini" 558
"../../../Engine/Config/Android/BaseAndroidGame.ini" 559
"../../../Engine/Config/Mac/BaseMacEngine.ini" 560
"../../../../../../GitHub/UnealStudy/UnrealBuildSystem/Config/DefaultInput.ini" 561
"../../../Engine/Config/HoloLens/HoloLensGame.ini" 562
"../../../Engine/Config/Mac/MacEngine.ini" 563
"D:/GitHub/UnealStudy/UnrealBuildSystem/Saved/Config/WindowsEditor/Input.ini" 564
"../../../Engine/Config/BaseDeviceProfiles.ini" 565
"../../../Engine/Config/IOS/BaseIOSGame.ini" 566
"../../../Engine/Config/IOS/IOSGame.ini" 567
"D:/GitHub/UnealStudy/UnrealBuildSystem/Saved/Config/WindowsEditor/DeviceProfiles.ini" 568
"../../../Engine/Config/Linux/LinuxGame.ini" 569
"../../../Engine/Config/BaseGameUserSettings.ini" 570
"../../../Engine/Config/Mac/MacGame.ini" 571
"D:/GitHub/UnealStudy/UnrealBuildSystem/Saved/Config/WindowsEditor/GameUserSettings.ini" 572
"../../../Engine/Config/BaseScalability.ini" 573
"D:/GitHub/UnealStudy/UnrealBuildSystem/Saved/Config/WindowsEditor/Scalability.ini" 574
"../../../Engine/Config/BaseRuntimeOptions.ini" 575
"D:/GitHub/UnealStudy/UnrealBuildSystem/Saved/Config/WindowsEditor/RuntimeOptions.ini" 576
"../../../Engine/Config/BaseInstallBundle.ini" 577
"../../../Engine/Config/Android/AndroidScalability.ini" 578
"../../../Engine/Config/BaseHardware.ini" 579
"../../../Engine/Config/IOS/IOSScalability.ini" 580
"D:/GitHub/UnealStudy/UnrealBuildSystem/Saved/Config/WindowsEditor/Hardware.ini" 581
"../../../Engine/Config/BaseCompat.ini" 582
"D:/GitHub/UnealStudy/UnrealBuildSystem/Saved/Config/WindowsEditor/Compat.ini" 583
"../../../Engine/Config/BaseLightmass.ini" 584
"D:/GitHub/UnealStudy/UnrealBuildSystem/Saved/Config/WindowsEditor/Lightmass.ini" 585
"../../../Engine/Config/BaseEditor.ini" 586
"D:/GitHub/UnealStudy/UnrealBuildSystem/Saved/Config/WindowsEditor/Editor.ini" 587
"../../../Engine/Config/BaseEditorPerProjectUserSettings.ini" 588
"../../../Engine/Config/Windows/WindowsEditorPerProjectUserSettings.ini" 589
"D:/GitHub/UnealStudy/UnrealBuildSystem/Saved/Config/WindowsEditor/EditorPerProjectUserSettings.ini" 590
"../../../Engine/Config/BaseEditorSettings.ini" 591
"C:/Users/?????????/AppData/Local/UnrealEngine/5.1/Saved/Config/WindowsEditor/EditorSettings.ini" 592
"../../../Engine/Config/BaseEditorKeyBindings.ini" 593
"C:/Users/?????????/AppData/Local/UnrealEngine/5.1/Saved/Config/WindowsEditor/EditorKeyBindings.ini" 594
"C:/Users/?????????/AppData/Local/UnrealEngine/5.1/Saved/Config/WindowsEditor/EditorLayout.ini" 595
"../../../../../../GitHub/UnealStudy/UnrealBuildSystem/Binaries/Win64/UnrealBuildSystem-Win64-Shipping.target" 596
"../../../../../../GitHub/UnealStudy/UnrealBuildSystem/Binaries/Win64/UnrealBuildSystemEditor.target" 597
"../../../Engine/Plugins/EnhancedInput/Config/BaseEnhancedInput.ini" 598
"D:/GitHub/UnealStudy/UnrealBuildSystem/Saved/Config/WindowsEditor/EnhancedInput.ini" 599
"../../../Engine/Plugins/Developer/TraceDataFiltering/Config/BaseTraceDataFilters.ini" 600
"D:/GitHub/UnealStudy/UnrealBuildSystem/Saved/Config/WindowsEditor/TraceDataFilters.ini" 601
"../../../Engine/Plugins/Experimental/FullBodyIK/Config/BaseFullBodyIK.ini" 602
"D:/GitHub/UnealStudy/UnrealBuildSystem/Saved/Config/WindowsEditor/FullBodyIK.ini" 603
"../../../Engine/Plugins/Runtime/Metasound/Config/BaseMetasound.ini" 604
"D:/GitHub/UnealStudy/UnrealBuildSystem/Saved/Config/WindowsEditor/Metasound.ini" 605
"../../../Engine/Plugins/Runtime/Synthesis/Config/BaseSynthesis.ini" 606
"D:/GitHub/UnealStudy/UnrealBuildSystem/Saved/Config/WindowsEditor/Synthesis.ini" 607
"../../../Engine/Plugins/Animation/ControlRig/Config/BaseControlRig.ini" 608
"D:/GitHub/UnealStudy/UnrealBuildSystem/Saved/Config/WindowsEditor/ControlRig.ini" 609
"../../../Engine/Plugins/FX/Niagara/Config/BaseNiagara.ini" 610
"D:/GitHub/UnealStudy/UnrealBuildSystem/Saved/Config/WindowsEditor/Niagara.ini" 611
"../../../Engine/Plugins/Animation/IKRig/Config/BaseIKRig.ini" 612
"../../../Engine/Plugins/Interchange/Runtime/Config/BaseInterchange.ini" 613
"D:/GitHub/UnealStudy/UnrealBuildSystem/Saved/Config/WindowsEditor/Interchange.ini" 614
"../../../Engine/Plugins/Interchange/Runtime/Config/Game.ini" 615
"../../../Engine/Plugins/Enterprise/DatasmithContent/Config/BaseDatasmithContent.ini" 616
"D:/GitHub/UnealStudy/UnrealBuildSystem/Saved/Config/WindowsEditor/DatasmithContent.ini" 617
"../../../Engine/Plugins/Enterprise/GLTFExporter/Config/BaseGLTFExporter.ini" 618
"../../../Engine/Plugins/Enterprise/GLTFExporter/Config/DefaultGLTFExporter.ini" 619
"D:/GitHub/UnealStudy/UnrealBuildSystem/Saved/Config/WindowsEditor/GLTFExporter.ini" 620
"../../../Engine/Plugins/Enterprise/VariantManagerContent/Config/BaseVariantManagerContent.ini" 621
"D:/GitHub/UnealStudy/UnrealBuildSystem/Saved/Config/WindowsEditor/VariantManagerContent.ini" 622
"../../../Engine/Plugins/2D/Paper2D/Config/BasePaper2D.ini" 623
"D:/GitHub/UnealStudy/UnrealBuildSystem/Saved/Config/WindowsEditor/Paper2D.ini" 624
"../../../Engine/Plugins/Editor/EditorScriptingUtilities/Config/BaseEditorScriptingUtilities.ini" 625
"D:/GitHub/UnealStudy/UnrealBuildSystem/Saved/Config/WindowsEditor/EditorScriptingUtilities.ini" 626
"../../../Engine/Plugins/EnhancedInput/Binaries/Win64/UnrealEditor.modules" 627
"../../../Engine/Plugins/Bridge/Binaries/Win64/UnrealEditor.modules" 628
"../../../Engine/Plugins/Editor/EditorScriptingUtilities/Binaries/Win64/UnrealEditor.modules" 629
"../../../Engine/Plugins/FastBuildController/Binaries/Win64/UnrealEditor.modules" 630
"../../../Engine/Plugins/TraceUtilities/Binaries/Win64/UnrealEditor.modules" 631
"../../../Engine/Plugins/XGEController/Binaries/Win64/UnrealEditor.modules" 632
"../../../Engine/Plugins/MeshPainting/Binaries/Win64/UnrealEditor.modules" 633
"../../../Engine/Plugins/Runtime/GeometryProcessing/Binaries/Win64/UnrealEditor.modules" 634
"../../../Engine/Plugins/Interchange/Editor/Binaries/Win64/UnrealEditor.modules" 635
"../../../Engine/Plugins/Interchange/Runtime/Binaries/Win64/UnrealEditor.modules" 636
"../../../Engine/Plugins/Editor/GLTFImporter/Binaries/Win64/UnrealEditor.modules" 637
"../../../Engine/Plugins/Enterprise/VariantManagerContent/Binaries/Win64/UnrealEditor.modules" 638
"../../../Engine/Plugins/Enterprise/VariantManager/Binaries/Win64/UnrealEditor.modules" 639
"../../../Engine/Plugins/Importers/AlembicImporter/Binaries/Win64/UnrealEditor.modules" 640
"../../../Engine/Plugins/Runtime/GeometryCache/Binaries/Win64/UnrealEditor.modules" 641
"../../../Engine/Plugins/FX/Niagara/Binaries/Win64/UnrealEditor.modules" 642
"../../../Engine/Plugins/Experimental/PythonScriptPlugin/Binaries/Win64/UnrealEditor.modules" 643
"../../../Engine/Plugins/Editor/ContentBrowser/ContentBrowserFileDataSource/Binaries/Win64/UnrealEditor.modules" 644
"../../../Engine/Plugins/Developer/AnimationSharing/Binaries/Win64/UnrealEditor.modules" 645
"../../../Engine/Plugins/Runtime/SignificanceManager/Binaries/Win64/UnrealEditor.modules" 646
"../../../Engine/Plugins/Developer/CLionSourceCodeAccess/Binaries/Win64/UnrealEditor.modules" 647
"../../../Engine/Plugins/Developer/DumpGPUServices/Binaries/Win64/UnrealEditor.modules" 648
"../../../Engine/Plugins/Developer/GitSourceControl/Binaries/Win64/UnrealEditor.modules" 649
"../../../Engine/Plugins/Developer/PlasticSourceControl/Binaries/Win64/UnrealEditor.modules" 650
"../../../Engine/Plugins/Developer/PerforceSourceControl/Binaries/Win64/UnrealEditor.modules" 651
"../../../Engine/Plugins/Developer/PropertyAccessNode/Binaries/Win64/UnrealEditor.modules" 652
"../../../Engine/Plugins/Runtime/PropertyAccess/Binaries/Win64/UnrealEditor.modules" 653
"../../../Engine/Plugins/Developer/PluginUtils/Binaries/Win64/UnrealEditor.modules" 654
"../../../Engine/Plugins/Developer/RiderSourceCodeAccess/Binaries/Win64/UnrealEditor.modules" 655
"../../../Engine/Plugins/Developer/SubversionSourceControl/Binaries/Win64/UnrealEditor.modules" 656
"../../../Engine/Plugins/Developer/PixWinPlugin/Binaries/Win64/UnrealEditor.modules" 657
"../../../Engine/Plugins/Developer/TextureFormatOodle/Binaries/Win64/UnrealEditor.modules" 658
"../../../Engine/Plugins/Developer/TraceDataFiltering/Binaries/Win64/UnrealEditor.modules" 659
"../../../Engine/Plugins/Developer/UObjectPlugin/Binaries/Win64/UnrealEditor.modules" 660
"../../../Engine/Plugins/Cameras/CameraShakePreviewer/Binaries/Win64/UnrealEditor.modules" 661
"../../../Engine/Plugins/Cameras/GameplayCameras/Binaries/Win64/UnrealEditor.modules" 662
"../../../Engine/Plugins/MovieScene/TemplateSequence/Binaries/Win64/UnrealEditor.modules" 663
"../../../Engine/Plugins/MovieScene/LevelSequenceEditor/Binaries/Win64/UnrealEditor.modules" 664
"../../../Engine/Plugins/MovieScene/SequencerScripting/Binaries/Win64/UnrealEditor.modules" 665
"../../../Engine/Plugins/Developer/VisualStudioCodeSourceCodeAccess/Binaries/Win64/UnrealEditor.modules" 666
"../../../Engine/Plugins/Developer/VisualStudioSourceCodeAccess/Binaries/Win64/UnrealEditor.modules" 667
"../../../Engine/Plugins/Experimental/AutomationUtils/Binaries/Win64/UnrealEditor.modules" 668
"../../../Engine/Plugins/Experimental/BackChannel/Binaries/Win64/UnrealEditor.modules" 669
"../../../Engine/Plugins/Experimental/ChaosClothEditor/Binaries/Win64/UnrealEditor.modules" 670
"../../../Engine/Plugins/Experimental/ChaosCloth/Binaries/Win64/UnrealEditor.modules" 671
"../../../Engine/Plugins/Experimental/ChaosCaching/Binaries/Win64/UnrealEditor.modules" 672
"../../../Engine/Plugins/VirtualProduction/Takes/Binaries/Win64/UnrealEditor.modules" 673
"../../../Engine/Plugins/Experimental/ChaosUserDataPT/Binaries/Win64/UnrealEditor.modules" 674
"../../../Engine/Plugins/Experimental/ChaosSolverPlugin/Binaries/Win64/UnrealEditor.modules" 675
"../../../Engine/Plugins/Experimental/CharacterAI/Binaries/Win64/UnrealEditor.modules" 676
"../../../Engine/Plugins/Experimental/ChaosEditor/Binaries/Win64/UnrealEditor.modules" 677
"../../../Engine/Plugins/Experimental/PlanarCutPlugin/Binaries/Win64/UnrealEditor.modules" 678
"../../../Engine/Plugins/Experimental/GeometryCollectionPlugin/Binaries/Win64/UnrealEditor.modules" 679
"../../../Engine/Plugins/Experimental/MeshModelingToolsetExp/Binaries/Win64/UnrealEditor.modules" 680
"../../../Engine/Plugins/Runtime/ProceduralMeshComponent/Binaries/Win64/UnrealEditor.modules" 681
"../../../Engine/Plugins/Experimental/Dataflow/Binaries/Win64/UnrealEditor.modules" 682
"../../../Engine/Plugins/Runtime/MeshModelingToolset/Binaries/Win64/UnrealEditor.modules" 683
"../../../Engine/Plugins/Experimental/ProxyLODPlugin/Binaries/Win64/UnrealEditor.modules" 684
"../../../Engine/Plugins/Experimental/Iris/Binaries/Win64/UnrealEditor.modules" 685
"../../../Engine/Plugins/Experimental/OpenImageDenoise/Binaries/Win64/UnrealEditor.modules" 686
"../../../Engine/Plugins/Experimental/PlatformCrypto/Binaries/Win64/UnrealEditor.modules" 687
"../../../Engine/Plugins/Experimental/SkeletalReduction/Binaries/Win64/UnrealEditor.modules" 688
"../../../Engine/Plugins/Experimental/UVEditor/Binaries/Win64/UnrealEditor.modules" 689
"../../../Engine/Plugins/Experimental/ChaosNiagara/Binaries/Win64/UnrealEditor.modules" 690
"../../../Engine/Plugins/MovieScene/ActorSequence/Binaries/Win64/UnrealEditor.modules" 691
"../../../Engine/Plugins/Runtime/ActorLayerUtilities/Binaries/Win64/UnrealEditor.modules" 692
"../../../Engine/Plugins/Runtime/AndroidFileServer/Binaries/Win64/UnrealEditor.modules" 693
"../../../Engine/Plugins/Runtime/AndroidPermission/Binaries/Win64/UnrealEditor.modules" 694
"../../../Engine/Plugins/Runtime/AppleImageUtils/Binaries/Win64/UnrealEditor.modules" 695
"../../../Engine/Plugins/Runtime/ArchVisCharacter/Binaries/Win64/UnrealEditor.modules" 696
"../../../Engine/Plugins/Runtime/AudioCapture/Binaries/Win64/UnrealEditor.modules" 697
"../../../Engine/Plugins/Runtime/AssetTags/Binaries/Win64/UnrealEditor.modules" 698
"../../../Engine/Plugins/Runtime/CableComponent/Binaries/Win64/UnrealEditor.modules" 699
"../../../Engine/Plugins/Runtime/ChunkDownloader/Binaries/Win64/UnrealEditor.modules" 700
"../../../Engine/Plugins/Runtime/CustomMeshComponent/Binaries/Win64/UnrealEditor.modules" 701
"../../../Engine/Plugins/Runtime/ExampleDeviceProfileSelector/Binaries/Win64/UnrealEditor.modules" 702
"../../../Engine/Plugins/Runtime/AndroidDeviceProfileSelector/Binaries/Win64/UnrealEditor.modules" 703
"../../../Engine/Plugins/Runtime/GooglePAD/Binaries/Win64/UnrealEditor.modules" 704
"../../../Engine/Plugins/Runtime/InputDebugging/Binaries/Win64/UnrealEditor.modules" 705
"../../../Engine/Plugins/Runtime/LocationServicesBPLibrary/Binaries/Win64/UnrealEditor.modules" 706
"../../../Engine/Plugins/Runtime/Metasound/Binaries/Win64/UnrealEditor.modules" 707
"../../../Engine/Plugins/Runtime/AudioWidgets/Binaries/Win64/UnrealEditor.modules" 708
"../../../Engine/Plugins/Runtime/AudioSynesthesia/Binaries/Win64/UnrealEditor.modules" 709
"../../../Engine/Plugins/Runtime/WaveTable/Binaries/Win64/UnrealEditor.modules" 710
"../../../Engine/Plugins/Runtime/ResonanceAudio/Binaries/Win64/UnrealEditor.modules" 711
"../../../Engine/Plugins/Runtime/SoundFields/Binaries/Win64/UnrealEditor.modules" 712
"../../../Engine/Plugins/Runtime/Synthesis/Binaries/Win64/UnrealEditor.modules" 713
"../../../Engine/Plugins/Runtime/WebMMoviePlayer/Binaries/Win64/UnrealEditor.modules" 714
"../../../Engine/Plugins/Media/WebMMedia/Binaries/Win64/UnrealEditor.modules" 715
"../../../Engine/Plugins/Runtime/WindowsDeviceProfileSelector/Binaries/Win64/UnrealEditor.modules" 716
"../../../Engine/Plugins/Runtime/WindowsMoviePlayer/Binaries/Win64/UnrealEditor.modules" 717
"../../../Engine/Plugins/Animation/AnimationModifierLibrary/Binaries/Win64/UnrealEditor.modules" 718
"../../../Engine/Plugins/Portal/LauncherChunkInstaller/Binaries/Win64/UnrealEditor.modules" 719
"../../../Engine/Plugins/Animation/ControlRig/Binaries/Win64/UnrealEditor.modules" 720
"../../../Engine/Plugins/Animation/BlendSpaceMotionAnalysis/Binaries/Win64/UnrealEditor.modules" 721
"../../../Engine/Plugins/Animation/ControlRigSpline/Binaries/Win64/UnrealEditor.modules" 722
"../../../Engine/Plugins/Animation/IKRig/Binaries/Win64/UnrealEditor.modules" 723
"../../../Engine/Plugins/Experimental/FullBodyIK/Binaries/Win64/UnrealEditor.modules" 724
"../../../Engine/Plugins/Messaging/TcpMessaging/Binaries/Win64/UnrealEditor.modules" 725
"../../../Engine/Plugins/Messaging/UdpMessaging/Binaries/Win64/UnrealEditor.modules" 726
"../../../Engine/Plugins/Tests/InterchangeTests/Binaries/Win64/UnrealEditor.modules" 727
"../../../Engine/Plugins/Compression/OodleNetwork/Binaries/Win64/UnrealEditor.modules" 728
"../../../Engine/Plugins/Enterprise/DatasmithContent/Binaries/Win64/UnrealEditor.modules" 729
"../../../Engine/Plugins/Enterprise/GLTFExporter/Binaries/Win64/UnrealEditor.modules" 730
"../../../Engine/Plugins/Media/AvfMedia/Binaries/Win64/UnrealEditor.modules" 731
"../../../Engine/Plugins/Media/AndroidMedia/Binaries/Win64/UnrealEditor.modules" 732
"../../../Engine/Plugins/Media/ImgMedia/Binaries/Win64/UnrealEditor.modules" 733
"../../../Engine/Plugins/Media/MediaCompositing/Binaries/Win64/UnrealEditor.modules" 734
"../../../Engine/Plugins/Media/MediaPlate/Binaries/Win64/UnrealEditor.modules" 735
"../../../Engine/Plugins/Media/MediaPlayerEditor/Binaries/Win64/UnrealEditor.modules" 736
"../../../Engine/Plugins/Media/WmfMedia/Binaries/Win64/UnrealEditor.modules" 737
"../../../Engine/Plugins/Online/OnlineBase/Binaries/Win64/UnrealEditor.modules" 738
"../../../Engine/Plugins/Runtime/MobilePatchingUtils/Binaries/Win64/UnrealEditor.modules" 739
"../../../Engine/Plugins/Online/OnlineSubsystem/Binaries/Win64/UnrealEditor.modules" 740
"../../../Engine/Plugins/Online/OnlineSubsystemNull/Binaries/Win64/UnrealEditor.modules" 741
"../../../Engine/Plugins/Online/OnlineSubsystemUtils/Binaries/Win64/UnrealEditor.modules" 742
"../../../Engine/Plugins/Online/OnlineServices/Binaries/Win64/UnrealEditor.modules" 743
"../../../Engine/Plugins/2D/Paper2D/Binaries/Win64/UnrealEditor.modules" 744
"../../../Engine/Plugins/AI/EnvironmentQueryEditor/Binaries/Win64/UnrealEditor.modules" 745
"../../../Engine/Plugins/AI/AISupport/Binaries/Win64/UnrealEditor.modules" 746
"../../../Engine/Plugins/Editor/AssetManagerEditor/Binaries/Win64/UnrealEditor.modules" 747
"../../../Engine/Plugins/Editor/BlueprintHeaderView/Binaries/Win64/UnrealEditor.modules" 748
"../../../Engine/Plugins/Editor/CryptoKeys/Binaries/Win64/UnrealEditor.modules" 749
"../../../Engine/Plugins/Editor/DataValidation/Binaries/Win64/UnrealEditor.modules" 750
"../../../Engine/Plugins/Editor/CurveEditorTools/Binaries/Win64/UnrealEditor.modules" 751
"../../../Engine/Plugins/Editor/EditorDebugTools/Binaries/Win64/UnrealEditor.modules" 752
"../../../Engine/Plugins/Editor/FacialAnimation/Binaries/Win64/UnrealEditor.modules" 753
"../../../Engine/Plugins/Editor/GeometryMode/Binaries/Win64/UnrealEditor.modules" 754
"../../../Engine/Plugins/Editor/MaterialAnalyzer/Binaries/Win64/UnrealEditor.modules" 755
"../../../Engine/Plugins/Editor/MobileLauncherProfileWizard/Binaries/Win64/UnrealEditor.modules" 756
"../../../Engine/Plugins/Editor/SequencerAnimTools/Binaries/Win64/UnrealEditor.modules" 757
"../../../Engine/Plugins/Editor/SpeedTreeImporter/Binaries/Win64/UnrealEditor.modules" 758
"../../../Engine/Plugins/Editor/PluginBrowser/Binaries/Win64/UnrealEditor.modules" 759
"../../../Engine/Plugins/Editor/GameplayTagsEditor/Binaries/Win64/UnrealEditor.modules" 760
"../../../Engine/Plugins/Editor/WorldPartitionHLODUtilities/Binaries/Win64/UnrealEditor.modules" 761
"../../../Engine/Plugins/Editor/ContentBrowser/ContentBrowserClassDataSource/Binaries/Win64/UnrealEditor.modules" 762
"../../../Engine/Plugins/Editor/ContentBrowser/ContentBrowserAssetDataSource/Binaries/Win64/UnrealEditor.modules" 763
"../../../Engine/Plugins/Editor/ObjectMixer/LightMixer/Binaries/Win64/UnrealEditor.modules" 764
"../../../Engine/Plugins/Editor/ObjectMixer/ObjectMixer/Binaries/Win64/UnrealEditor.modules" 765
"D:/GitHub/UnealStudy/UnrealBuildSystem/Plugins/GameUtility/Binaries/Win64/UnrealEditor.modules" 766
"../../../Engine/Content/Certificates/ThirdParty/cacert.pem" 767
"../../../Engine/Config/ConsoleVariables.ini" 768
"../../../Engine/Binaries/Win64/Android/UnrealEditor.modules" 769
"../../../Engine/Binaries/Win64/IOS/UnrealEditor.modules" 770
"../../../Engine/Binaries/Win64/Linux/UnrealEditor.modules" 771
"../../../Engine/Binaries/Win64/LinuxArm64/UnrealEditor.modules" 772
"D:\game\epicGames\UE_5.1\Engine\Binaries\ThirdParty\ShaderConductor\Win64\dxcompiler.dll" 773
"D:\game\epicGames\UE_5.1\Engine\Binaries\ThirdParty\ShaderConductor\Win64\dxil.dll" 774
"D:\game\epicGames\UE_5.1\Engine\Binaries\ThirdParty\ShaderConductor\Win64\ShaderConductor.dll" 775
"../../../Engine/Content/Localization/Editor/en/Editor.locres" 776
"../../../Engine/Content/Localization/EditorTutorials/en/EditorTutorials.locres" 777
"../../../Engine/Content/Localization/Keywords/en/Keywords.locres" 778
"../../../Engine/Content/Localization/Category/en/Category.locres" 779
"../../../Engine/Content/Localization/ToolTips/en/ToolTips.locres" 780
"../../../Engine/Content/Localization/PropertyNames/en/PropertyNames.locres" 781
"../../../Engine/Content/Localization/Engine/en/Engine.locres" 782
"../../../Engine/Plugins/Online/OnlineSubsystem/Content/Localization/OnlineSubsystem/en/OnlineSubsystem.locres" 783
"../../../Engine/Plugins/Online/OnlineSubsystemUtils/Content/Localization/OnlineSubsystemUtils/en/OnlineSubsystemUtils.locres" 784
"../../../Engine/Plugins/Online/Android/OnlineSubsystemGooglePlay/Content/Localization/OnlineSubsystemGooglePlay/en/OnlineSubsystemGooglePlay.locres" 785
"../../../Engine/Plugins/Online/IOS/OnlineSubsystemIOS/Content/Localization/OnlineSubsystemIOS/en/OnlineSubsystemIOS.locres" 786
"../../../Engine/Content/Internationalization/icudt64l/numberingSystems.res" 787
"../../../Engine/Content/Internationalization/icudt64l/curr/supplementalData.res" 788
"../../../Engine/Content/Internationalization/icudt64l/curr/ko.res" 789
"../../../Engine/Content/Internationalization/icudt64l/curr/pool.res" 790
"../../../Engine/Content/Internationalization/icudt64l/curr/root.res" 791
"../../../Engine/Content/Internationalization/icudt64l/lang/af.res" 792
"../../../Engine/Content/Internationalization/icudt64l/region/af.res" 793
"../../../Engine/Content/Internationalization/icudt64l/lang/agq.res" 794
"../../../Engine/Content/Internationalization/icudt64l/region/agq.res" 795
"../../../Engine/Content/Internationalization/icudt64l/lang/ak.res" 796
"../../../Engine/Content/Internationalization/icudt64l/region/ak.res" 797
"../../../Engine/Content/Internationalization/icudt64l/lang/am.res" 798
"../../../Engine/Content/Internationalization/icudt64l/region/am.res" 799
"../../../Engine/Content/Internationalization/icudt64l/lang/ar.res" 800
"../../../Engine/Content/Internationalization/icudt64l/region/ar.res" 801
"../../../Engine/Content/Internationalization/icudt64l/region/ar_AE.res" 802
"../../../Engine/Content/Internationalization/icudt64l/lang/ar_EG.res" 803
"../../../Engine/Content/Internationalization/icudt64l/lang/ar_LY.res" 804
"../../../Engine/Content/Internationalization/icudt64l/region/ar_LY.res" 805
"../../../Engine/Content/Internationalization/icudt64l/lang/ar_SA.res" 806
"../../../Engine/Content/Internationalization/icudt64l/region/ar_SA.res" 807
"../../../Engine/Content/Internationalization/icudt64l/lang/as.res" 808
"../../../Engine/Content/Internationalization/icudt64l/region/as.res" 809
"../../../Engine/Content/Internationalization/icudt64l/lang/asa.res" 810
"../../../Engine/Content/Internationalization/icudt64l/region/asa.res" 811
"../../../Engine/Content/Internationalization/icudt64l/lang/ast.res" 812
"../../../Engine/Content/Internationalization/icudt64l/region/ast.res" 813
"../../../Engine/Content/Internationalization/icudt64l/lang/az.res" 814
"../../../Engine/Content/Internationalization/icudt64l/lang/az_Cyrl.res" 815
"../../../Engine/Content/Internationalization/icudt64l/lang/az_AZ.res" 816
"../../../Engine/Content/Internationalization/icudt64l/lang/az_Latn_AZ.res" 817
"../../../Engine/Content/Internationalization/icudt64l/lang/az_Latn.res" 818
"../../../Engine/Content/Internationalization/icudt64l/region/az_AZ.res" 819
"../../../Engine/Content/Internationalization/icudt64l/region/az_Latn_AZ.res" 820
"../../../Engine/Content/Internationalization/icudt64l/region/az_Latn.res" 821
"../../../Engine/Content/Internationalization/icudt64l/region/az.res" 822
"../../../Engine/Content/Internationalization/icudt64l/region/az_Cyrl.res" 823
"../../../Engine/Content/Internationalization/icudt64l/lang/bas.res" 824
"../../../Engine/Content/Internationalization/icudt64l/region/bas.res" 825
"../../../Engine/Content/Internationalization/icudt64l/lang/be.res" 826
"../../../Engine/Content/Internationalization/icudt64l/region/be.res" 827
"../../../Engine/Content/Internationalization/icudt64l/lang/bem.res" 828
"../../../Engine/Content/Internationalization/icudt64l/region/bem.res" 829
"../../../Engine/Content/Internationalization/icudt64l/lang/bez.res" 830
"../../../Engine/Content/Internationalization/icudt64l/region/bez.res" 831
"../../../Engine/Content/Internationalization/icudt64l/lang/bg.res" 832
"../../../Engine/Content/Internationalization/icudt64l/region/bg.res" 833
"../../../Engine/Content/Internationalization/icudt64l/lang/bm.res" 834
"../../../Engine/Content/Internationalization/icudt64l/region/bm.res" 835
"../../../Engine/Content/Internationalization/icudt64l/lang/bn.res" 836
"../../../Engine/Content/Internationalization/icudt64l/region/bn.res" 837
"../../../Engine/Content/Internationalization/icudt64l/lang/bn_IN.res" 838
"../../../Engine/Content/Internationalization/icudt64l/region/bn_IN.res" 839
"../../../Engine/Content/Internationalization/icudt64l/lang/bo.res" 840
"../../../Engine/Content/Internationalization/icudt64l/region/bo.res" 841
"../../../Engine/Content/Internationalization/icudt64l/region/bo_IN.res" 842
"../../../Engine/Content/Internationalization/icudt64l/lang/br.res" 843
"../../../Engine/Content/Internationalization/icudt64l/region/br.res" 844
"../../../Engine/Content/Internationalization/icudt64l/lang/brx.res" 845
"../../../Engine/Content/Internationalization/icudt64l/region/brx.res" 846
"../../../Engine/Content/Internationalization/icudt64l/lang/bs.res" 847
"../../../Engine/Content/Internationalization/icudt64l/lang/bs_Cyrl.res" 848
"../../../Engine/Content/Internationalization/icudt64l/lang/bs_BA.res" 849
"../../../Engine/Content/Internationalization/icudt64l/lang/bs_Latn_BA.res" 850
"../../../Engine/Content/Internationalization/icudt64l/lang/bs_Latn.res" 851
"../../../Engine/Content/Internationalization/icudt64l/region/bs_BA.res" 852
"../../../Engine/Content/Internationalization/icudt64l/region/bs_Latn_BA.res" 853
"../../../Engine/Content/Internationalization/icudt64l/region/bs_Latn.res" 854
"../../../Engine/Content/Internationalization/icudt64l/region/bs.res" 855
"../../../Engine/Content/Internationalization/icudt64l/region/bs_Cyrl.res" 856
"../../../Engine/Content/Internationalization/icudt64l/lang/ca.res" 857
"../../../Engine/Content/Internationalization/icudt64l/region/ca.res" 858
"../../../Engine/Content/Internationalization/icudt64l/lang/ccp.res" 859
"../../../Engine/Content/Internationalization/icudt64l/region/ccp.res" 860
"../../../Engine/Content/Internationalization/icudt64l/lang/ce.res" 861
"../../../Engine/Content/Internationalization/icudt64l/region/ce.res" 862
"../../../Engine/Content/Internationalization/icudt64l/lang/ceb.res" 863
"../../../Engine/Content/Internationalization/icudt64l/region/ceb.res" 864
"../../../Engine/Content/Internationalization/icudt64l/lang/cgg.res" 865
"../../../Engine/Content/Internationalization/icudt64l/region/cgg.res" 866
"../../../Engine/Content/Internationalization/icudt64l/lang/chr.res" 867
"../../../Engine/Content/Internationalization/icudt64l/region/chr.res" 868
"../../../Engine/Content/Internationalization/icudt64l/lang/ckb.res" 869
"../../../Engine/Content/Internationalization/icudt64l/region/ckb.res" 870
"../../../Engine/Content/Internationalization/icudt64l/lang/cs.res" 871
"../../../Engine/Content/Internationalization/icudt64l/region/cs.res" 872
"../../../Engine/Content/Internationalization/icudt64l/lang/cy.res" 873
"../../../Engine/Content/Internationalization/icudt64l/region/cy.res" 874
"../../../Engine/Content/Internationalization/icudt64l/lang/da.res" 875
"../../../Engine/Content/Internationalization/icudt64l/region/da.res" 876
"../../../Engine/Content/Internationalization/icudt64l/lang/dav.res" 877
"../../../Engine/Content/Internationalization/icudt64l/region/dav.res" 878
"../../../Engine/Content/Internationalization/icudt64l/lang/de.res" 879
"../../../Engine/Content/Internationalization/icudt64l/lang/de_AT.res" 880
"../../../Engine/Content/Internationalization/icudt64l/region/de_AT.res" 881
"../../../Engine/Content/Internationalization/icudt64l/region/de.res" 882
"../../../Engine/Content/Internationalization/icudt64l/lang/de_CH.res" 883
"../../../Engine/Content/Internationalization/icudt64l/region/de_CH.res" 884
"../../../Engine/Content/Internationalization/icudt64l/lang/de_LU.res" 885
"../../../Engine/Content/Internationalization/icudt64l/lang/dje.res" 886
"../../../Engine/Content/Internationalization/icudt64l/region/dje.res" 887
"../../../Engine/Content/Internationalization/icudt64l/lang/dsb.res" 888
"../../../Engine/Content/Internationalization/icudt64l/region/dsb.res" 889
"../../../Engine/Content/Internationalization/icudt64l/lang/dua.res" 890
"../../../Engine/Content/Internationalization/icudt64l/region/dua.res" 891
"../../../Engine/Content/Internationalization/icudt64l/lang/dyo.res" 892
"../../../Engine/Content/Internationalization/icudt64l/region/dyo.res" 893
"../../../Engine/Content/Internationalization/icudt64l/lang/dz.res" 894
"../../../Engine/Content/Internationalization/icudt64l/region/dz.res" 895
"../../../Engine/Content/Internationalization/icudt64l/lang/ebu.res" 896
"../../../Engine/Content/Internationalization/icudt64l/region/ebu.res" 897
"../../../Engine/Content/Internationalization/icudt64l/lang/ee.res" 898
"../../../Engine/Content/Internationalization/icudt64l/region/ee.res" 899
"../../../Engine/Content/Internationalization/icudt64l/lang/el.res" 900
"../../../Engine/Content/Internationalization/icudt64l/region/el.res" 901
"../../../Engine/Content/Internationalization/icudt64l/lang/en_001.res" 902
"../../../Engine/Content/Internationalization/icudt64l/lang/en_150.res" 903
"../../../Engine/Content/Internationalization/icudt64l/region/en_150.res" 904
"../../../Engine/Content/Internationalization/icudt64l/lang/en_AG.res" 905
"../../../Engine/Content/Internationalization/icudt64l/region/en_AG.res" 906
"../../../Engine/Content/Internationalization/icudt64l/lang/en_AI.res" 907
"../../../Engine/Content/Internationalization/icudt64l/region/en_AI.res" 908
"../../../Engine/Content/Internationalization/icudt64l/lang/en_AT.res" 909
"../../../Engine/Content/Internationalization/icudt64l/region/en_AT.res" 910
"../../../Engine/Content/Internationalization/icudt64l/lang/en_AU.res" 911
"../../../Engine/Content/Internationalization/icudt64l/region/en_AU.res" 912
"../../../Engine/Content/Internationalization/icudt64l/lang/en_BB.res" 913
"../../../Engine/Content/Internationalization/icudt64l/region/en_BB.res" 914
"../../../Engine/Content/Internationalization/icudt64l/lang/en_BE.res" 915
"../../../Engine/Content/Internationalization/icudt64l/region/en_BE.res" 916
"../../../Engine/Content/Internationalization/icudt64l/lang/en_BM.res" 917
"../../../Engine/Content/Internationalization/icudt64l/region/en_BM.res" 918
"../../../Engine/Content/Internationalization/icudt64l/lang/en_BS.res" 919
"../../../Engine/Content/Internationalization/icudt64l/region/en_BS.res" 920
"../../../Engine/Content/Internationalization/icudt64l/lang/en_BW.res" 921
"../../../Engine/Content/Internationalization/icudt64l/region/en_BW.res" 922
"../../../Engine/Content/Internationalization/icudt64l/lang/en_BZ.res" 923
"../../../Engine/Content/Internationalization/icudt64l/region/en_BZ.res" 924
"../../../Engine/Content/Internationalization/icudt64l/lang/en_CA.res" 925
"../../../Engine/Content/Internationalization/icudt64l/region/en_CA.res" 926
"../../../Engine/Content/Internationalization/icudt64l/lang/en_CC.res" 927
"../../../Engine/Content/Internationalization/icudt64l/region/en_CC.res" 928
"../../../Engine/Content/Internationalization/icudt64l/lang/en_CH.res" 929
"../../../Engine/Content/Internationalization/icudt64l/region/en_CH.res" 930
"../../../Engine/Content/Internationalization/icudt64l/lang/en_CK.res" 931
"../../../Engine/Content/Internationalization/icudt64l/region/en_CK.res" 932
"../../../Engine/Content/Internationalization/icudt64l/lang/en_CM.res" 933
"../../../Engine/Content/Internationalization/icudt64l/region/en_CM.res" 934
"../../../Engine/Content/Internationalization/icudt64l/lang/en_CX.res" 935
"../../../Engine/Content/Internationalization/icudt64l/region/en_CX.res" 936
"../../../Engine/Content/Internationalization/icudt64l/lang/en_CY.res" 937
"../../../Engine/Content/Internationalization/icudt64l/region/en_CY.res" 938
"../../../Engine/Content/Internationalization/icudt64l/lang/en_DE.res" 939
"../../../Engine/Content/Internationalization/icudt64l/region/en_DE.res" 940
"../../../Engine/Content/Internationalization/icudt64l/lang/en_DG.res" 941
"../../../Engine/Content/Internationalization/icudt64l/region/en_DG.res" 942
"../../../Engine/Content/Internationalization/icudt64l/lang/en_DK.res" 943
"../../../Engine/Content/Internationalization/icudt64l/region/en_DK.res" 944
"../../../Engine/Content/Internationalization/icudt64l/lang/en_DM.res" 945
"../../../Engine/Content/Internationalization/icudt64l/region/en_DM.res" 946
"../../../Engine/Content/Internationalization/icudt64l/lang/en_ER.res" 947
"../../../Engine/Content/Internationalization/icudt64l/region/en_ER.res" 948
"../../../Engine/Content/Internationalization/icudt64l/lang/en_FI.res" 949
"../../../Engine/Content/Internationalization/icudt64l/region/en_FI.res" 950
"../../../Engine/Content/Internationalization/icudt64l/lang/en_FJ.res" 951
"../../../Engine/Content/Internationalization/icudt64l/region/en_FJ.res" 952
"../../../Engine/Content/Internationalization/icudt64l/lang/en_FK.res" 953
"../../../Engine/Content/Internationalization/icudt64l/region/en_FK.res" 954
"../../../Engine/Content/Internationalization/icudt64l/lang/en_FM.res" 955
"../../../Engine/Content/Internationalization/icudt64l/region/en_FM.res" 956
"../../../Engine/Content/Internationalization/icudt64l/lang/en_GB.res" 957
"../../../Engine/Content/Internationalization/icudt64l/region/en_GB.res" 958
"../../../Engine/Content/Internationalization/icudt64l/lang/en_GD.res" 959
"../../../Engine/Content/Internationalization/icudt64l/region/en_GD.res" 960
"../../../Engine/Content/Internationalization/icudt64l/lang/en_GG.res" 961
"../../../Engine/Content/Internationalization/icudt64l/region/en_GG.res" 962
"../../../Engine/Content/Internationalization/icudt64l/lang/en_GH.res" 963
"../../../Engine/Content/Internationalization/icudt64l/region/en_GH.res" 964
"../../../Engine/Content/Internationalization/icudt64l/lang/en_GI.res" 965
"../../../Engine/Content/Internationalization/icudt64l/region/en_GI.res" 966
"../../../Engine/Content/Internationalization/icudt64l/lang/en_GM.res" 967
"../../../Engine/Content/Internationalization/icudt64l/region/en_GM.res" 968
"../../../Engine/Content/Internationalization/icudt64l/lang/en_GY.res" 969
"../../../Engine/Content/Internationalization/icudt64l/region/en_GY.res" 970
"../../../Engine/Content/Internationalization/icudt64l/lang/en_HK.res" 971
"../../../Engine/Content/Internationalization/icudt64l/region/en_HK.res" 972
"../../../Engine/Content/Internationalization/icudt64l/lang/en_IE.res" 973
"../../../Engine/Content/Internationalization/icudt64l/region/en_IE.res" 974
"../../../Engine/Content/Internationalization/icudt64l/lang/en_IL.res" 975
"../../../Engine/Content/Internationalization/icudt64l/region/en_IL.res" 976
"../../../Engine/Content/Internationalization/icudt64l/lang/en_IM.res" 977
"../../../Engine/Content/Internationalization/icudt64l/region/en_IM.res" 978
"../../../Engine/Content/Internationalization/icudt64l/lang/en_IN.res" 979
"../../../Engine/Content/Internationalization/icudt64l/region/en_IN.res" 980
"../../../Engine/Content/Internationalization/icudt64l/lang/en_IO.res" 981
"../../../Engine/Content/Internationalization/icudt64l/region/en_IO.res" 982
"../../../Engine/Content/Internationalization/icudt64l/lang/en_JE.res" 983
"../../../Engine/Content/Internationalization/icudt64l/region/en_JE.res" 984
"../../../Engine/Content/Internationalization/icudt64l/lang/en_JM.res" 985
"../../../Engine/Content/Internationalization/icudt64l/region/en_JM.res" 986
"../../../Engine/Content/Internationalization/icudt64l/lang/en_KE.res" 987
"../../../Engine/Content/Internationalization/icudt64l/region/en_KE.res" 988
"../../../Engine/Content/Internationalization/icudt64l/lang/en_KI.res" 989
"../../../Engine/Content/Internationalization/icudt64l/region/en_KI.res" 990
"../../../Engine/Content/Internationalization/icudt64l/lang/en_KN.res" 991
"../../../Engine/Content/Internationalization/icudt64l/region/en_KN.res" 992
"../../../Engine/Content/Internationalization/icudt64l/lang/en_KY.res" 993
"../../../Engine/Content/Internationalization/icudt64l/region/en_KY.res" 994
"../../../Engine/Content/Internationalization/icudt64l/lang/en_LC.res" 995
"../../../Engine/Content/Internationalization/icudt64l/region/en_LC.res" 996
"../../../Engine/Content/Internationalization/icudt64l/lang/en_LR.res" 997
"../../../Engine/Content/Internationalization/icudt64l/region/en_LR.res" 998
"../../../Engine/Content/Internationalization/icudt64l/lang/en_LS.res" 999
"../../../Engine/Content/Internationalization/icudt64l/region/en_LS.res" 1000
"../../../Engine/Content/Internationalization/icudt64l/lang/en_MG.res" 1001
"../../../Engine/Content/Internationalization/icudt64l/region/en_MG.res" 1002
"../../../Engine/Content/Internationalization/icudt64l/lang/en_MO.res" 1003
"../../../Engine/Content/Internationalization/icudt64l/region/en_MO.res" 1004
"../../../Engine/Content/Internationalization/icudt64l/lang/en_MS.res" 1005
"../../../Engine/Content/Internationalization/icudt64l/region/en_MS.res" 1006
"../../../Engine/Content/Internationalization/icudt64l/lang/en_MT.res" 1007
"../../../Engine/Content/Internationalization/icudt64l/region/en_MT.res" 1008
"../../../Engine/Content/Internationalization/icudt64l/lang/en_MU.res" 1009
"../../../Engine/Content/Internationalization/icudt64l/region/en_MU.res" 1010
"../../../Engine/Content/Internationalization/icudt64l/lang/en_MW.res" 1011
"../../../Engine/Content/Internationalization/icudt64l/region/en_MW.res" 1012
"../../../Engine/Content/Internationalization/icudt64l/lang/en_MY.res" 1013
"../../../Engine/Content/Internationalization/icudt64l/region/en_MY.res" 1014
"../../../Engine/Content/Internationalization/icudt64l/lang/en_NA.res" 1015
"../../../Engine/Content/Internationalization/icudt64l/region/en_NA.res" 1016
"../../../Engine/Content/Internationalization/icudt64l/lang/en_NF.res" 1017
"../../../Engine/Content/Internationalization/icudt64l/region/en_NF.res" 1018
"../../../Engine/Content/Internationalization/icudt64l/lang/en_NG.res" 1019
"../../../Engine/Content/Internationalization/icudt64l/region/en_NG.res" 1020
"../../../Engine/Content/Internationalization/icudt64l/lang/en_NL.res" 1021
"../../../Engine/Content/Internationalization/icudt64l/region/en_NL.res" 1022
"../../../Engine/Content/Internationalization/icudt64l/lang/en_NR.res" 1023
"../../../Engine/Content/Internationalization/icudt64l/region/en_NR.res" 1024
"../../../Engine/Content/Internationalization/icudt64l/lang/en_NU.res" 1025
"../../../Engine/Content/Internationalization/icudt64l/region/en_NU.res" 1026
"../../../Engine/Content/Internationalization/icudt64l/lang/en_NZ.res" 1027
"../../../Engine/Content/Internationalization/icudt64l/region/en_NZ.res" 1028
"../../../Engine/Content/Internationalization/icudt64l/lang/en_PG.res" 1029
"../../../Engine/Content/Internationalization/icudt64l/region/en_PG.res" 1030
"../../../Engine/Content/Internationalization/icudt64l/lang/en_PH.res" 1031
"../../../Engine/Content/Internationalization/icudt64l/region/en_PH.res" 1032
"../../../Engine/Content/Internationalization/icudt64l/lang/en_PK.res" 1033
"../../../Engine/Content/Internationalization/icudt64l/region/en_PK.res" 1034
"../../../Engine/Content/Internationalization/icudt64l/lang/en_PN.res" 1035
"../../../Engine/Content/Internationalization/icudt64l/region/en_PN.res" 1036
"../../../Engine/Content/Internationalization/icudt64l/lang/en_PW.res" 1037
"../../../Engine/Content/Internationalization/icudt64l/region/en_PW.res" 1038
"../../../Engine/Content/Internationalization/icudt64l/lang/en_RW.res" 1039
"../../../Engine/Content/Internationalization/icudt64l/region/en_RW.res" 1040
"../../../Engine/Content/Internationalization/icudt64l/lang/en_SB.res" 1041
"../../../Engine/Content/Internationalization/icudt64l/region/en_SB.res" 1042
"../../../Engine/Content/Internationalization/icudt64l/lang/en_SC.res" 1043
"../../../Engine/Content/Internationalization/icudt64l/region/en_SC.res" 1044
"../../../Engine/Content/Internationalization/icudt64l/lang/en_SD.res" 1045
"../../../Engine/Content/Internationalization/icudt64l/region/en_SD.res" 1046
"../../../Engine/Content/Internationalization/icudt64l/lang/en_SE.res" 1047
"../../../Engine/Content/Internationalization/icudt64l/region/en_SE.res" 1048
"../../../Engine/Content/Internationalization/icudt64l/lang/en_SG.res" 1049
"../../../Engine/Content/Internationalization/icudt64l/region/en_SG.res" 1050
"../../../Engine/Content/Internationalization/icudt64l/lang/en_SH.res" 1051
"../../../Engine/Content/Internationalization/icudt64l/region/en_SH.res" 1052
"../../../Engine/Content/Internationalization/icudt64l/lang/en_SI.res" 1053
"../../../Engine/Content/Internationalization/icudt64l/region/en_SI.res" 1054
"../../../Engine/Content/Internationalization/icudt64l/lang/en_SL.res" 1055
"../../../Engine/Content/Internationalization/icudt64l/region/en_SL.res" 1056
"../../../Engine/Content/Internationalization/icudt64l/lang/en_SS.res" 1057
"../../../Engine/Content/Internationalization/icudt64l/region/en_SS.res" 1058
"../../../Engine/Content/Internationalization/icudt64l/lang/en_SX.res" 1059
"../../../Engine/Content/Internationalization/icudt64l/region/en_SX.res" 1060
"../../../Engine/Content/Internationalization/icudt64l/lang/en_SZ.res" 1061
"../../../Engine/Content/Internationalization/icudt64l/region/en_SZ.res" 1062
"../../../Engine/Content/Internationalization/icudt64l/lang/en_TC.res" 1063
"../../../Engine/Content/Internationalization/icudt64l/region/en_TC.res" 1064
"../../../Engine/Content/Internationalization/icudt64l/lang/en_TK.res" 1065
"../../../Engine/Content/Internationalization/icudt64l/region/en_TK.res" 1066
"../../../Engine/Content/Internationalization/icudt64l/lang/en_TO.res" 1067
"../../../Engine/Content/Internationalization/icudt64l/region/en_TO.res" 1068
"../../../Engine/Content/Internationalization/icudt64l/lang/en_TT.res" 1069
"../../../Engine/Content/Internationalization/icudt64l/region/en_TT.res" 1070
"../../../Engine/Content/Internationalization/icudt64l/lang/en_TV.res" 1071
"../../../Engine/Content/Internationalization/icudt64l/region/en_TV.res" 1072
"../../../Engine/Content/Internationalization/icudt64l/lang/en_TZ.res" 1073
"../../../Engine/Content/Internationalization/icudt64l/region/en_TZ.res" 1074
"../../../Engine/Content/Internationalization/icudt64l/lang/en_UG.res" 1075
"../../../Engine/Content/Internationalization/icudt64l/region/en_UG.res" 1076
"../../../Engine/Content/Internationalization/icudt64l/lang/en_VC.res" 1077
"../../../Engine/Content/Internationalization/icudt64l/region/en_VC.res" 1078
"../../../Engine/Content/Internationalization/icudt64l/lang/en_VG.res" 1079
"../../../Engine/Content/Internationalization/icudt64l/region/en_VG.res" 1080
"../../../Engine/Content/Internationalization/icudt64l/lang/en_VU.res" 1081
"../../../Engine/Content/Internationalization/icudt64l/region/en_VU.res" 1082
"../../../Engine/Content/Internationalization/icudt64l/lang/en_WS.res" 1083
"../../../Engine/Content/Internationalization/icudt64l/region/en_WS.res" 1084
"../../../Engine/Content/Internationalization/icudt64l/lang/en_ZA.res" 1085
"../../../Engine/Content/Internationalization/icudt64l/region/en_ZA.res" 1086
"../../../Engine/Content/Internationalization/icudt64l/lang/en_ZM.res" 1087
"../../../Engine/Content/Internationalization/icudt64l/region/en_ZM.res" 1088
"../../../Engine/Content/Internationalization/icudt64l/lang/en_ZW.res" 1089
"../../../Engine/Content/Internationalization/icudt64l/region/en_ZW.res" 1090
"../../../Engine/Content/Internationalization/icudt64l/lang/eo.res" 1091
"../../../Engine/Content/Internationalization/icudt64l/region/eo.res" 1092
"../../../Engine/Content/Internationalization/icudt64l/lang/es.res" 1093
"../../../Engine/Content/Internationalization/icudt64l/lang/es_419.res" 1094
"../../../Engine/Content/Internationalization/icudt64l/region/es_419.res" 1095
"../../../Engine/Content/Internationalization/icudt64l/region/es.res" 1096
"../../../Engine/Content/Internationalization/icudt64l/lang/es_AR.res" 1097
"../../../Engine/Content/Internationalization/icudt64l/region/es_AR.res" 1098
"../../../Engine/Content/Internationalization/icudt64l/lang/es_BO.res" 1099
"../../../Engine/Content/Internationalization/icudt64l/region/es_BO.res" 1100
"../../../Engine/Content/Internationalization/icudt64l/lang/es_BR.res" 1101
"../../../Engine/Content/Internationalization/icudt64l/region/es_BR.res" 1102
"../../../Engine/Content/Internationalization/icudt64l/lang/es_BZ.res" 1103
"../../../Engine/Content/Internationalization/icudt64l/region/es_BZ.res" 1104
"../../../Engine/Content/Internationalization/icudt64l/lang/es_CL.res" 1105
"../../../Engine/Content/Internationalization/icudt64l/region/es_CL.res" 1106
"../../../Engine/Content/Internationalization/icudt64l/lang/es_CO.res" 1107
"../../../Engine/Content/Internationalization/icudt64l/region/es_CO.res" 1108
"../../../Engine/Content/Internationalization/icudt64l/lang/es_CR.res" 1109
"../../../Engine/Content/Internationalization/icudt64l/region/es_CR.res" 1110
"../../../Engine/Content/Internationalization/icudt64l/lang/es_CU.res" 1111
"../../../Engine/Content/Internationalization/icudt64l/region/es_CU.res" 1112
"../../../Engine/Content/Internationalization/icudt64l/lang/es_DO.res" 1113
"../../../Engine/Content/Internationalization/icudt64l/region/es_DO.res" 1114
"../../../Engine/Content/Internationalization/icudt64l/lang/es_EC.res" 1115
"../../../Engine/Content/Internationalization/icudt64l/region/es_EC.res" 1116
"../../../Engine/Content/Internationalization/icudt64l/lang/es_GT.res" 1117
"../../../Engine/Content/Internationalization/icudt64l/region/es_GT.res" 1118
"../../../Engine/Content/Internationalization/icudt64l/lang/es_HN.res" 1119
"../../../Engine/Content/Internationalization/icudt64l/region/es_HN.res" 1120
"../../../Engine/Content/Internationalization/icudt64l/lang/es_MX.res" 1121
"../../../Engine/Content/Internationalization/icudt64l/region/es_MX.res" 1122
"../../../Engine/Content/Internationalization/icudt64l/lang/es_NI.res" 1123
"../../../Engine/Content/Internationalization/icudt64l/region/es_NI.res" 1124
"../../../Engine/Content/Internationalization/icudt64l/lang/es_PA.res" 1125
"../../../Engine/Content/Internationalization/icudt64l/region/es_PA.res" 1126
"../../../Engine/Content/Internationalization/icudt64l/lang/es_PE.res" 1127
"../../../Engine/Content/Internationalization/icudt64l/region/es_PE.res" 1128
"../../../Engine/Content/Internationalization/icudt64l/lang/es_PR.res" 1129
"../../../Engine/Content/Internationalization/icudt64l/region/es_PR.res" 1130
"../../../Engine/Content/Internationalization/icudt64l/lang/es_PY.res" 1131
"../../../Engine/Content/Internationalization/icudt64l/region/es_PY.res" 1132
"../../../Engine/Content/Internationalization/icudt64l/lang/es_SV.res" 1133
"../../../Engine/Content/Internationalization/icudt64l/region/es_SV.res" 1134
"../../../Engine/Content/Internationalization/icudt64l/lang/es_US.res" 1135
"../../../Engine/Content/Internationalization/icudt64l/region/es_US.res" 1136
"../../../Engine/Content/Internationalization/icudt64l/lang/es_UY.res" 1137
"../../../Engine/Content/Internationalization/icudt64l/region/es_UY.res" 1138
"../../../Engine/Content/Internationalization/icudt64l/lang/es_VE.res" 1139
"../../../Engine/Content/Internationalization/icudt64l/region/es_VE.res" 1140
"../../../Engine/Content/Internationalization/icudt64l/lang/et.res" 1141
"../../../Engine/Content/Internationalization/icudt64l/region/et.res" 1142
"../../../Engine/Content/Internationalization/icudt64l/lang/eu.res" 1143
"../../../Engine/Content/Internationalization/icudt64l/region/eu.res" 1144
"../../../Engine/Content/Internationalization/icudt64l/lang/ewo.res" 1145
"../../../Engine/Content/Internationalization/icudt64l/region/ewo.res" 1146
"../../../Engine/Content/Internationalization/icudt64l/lang/fa.res" 1147
"../../../Engine/Content/Internationalization/icudt64l/lang/fa_AF.res" 1148
"../../../Engine/Content/Internationalization/icudt64l/region/fa_AF.res" 1149
"../../../Engine/Content/Internationalization/icudt64l/region/fa.res" 1150
"../../../Engine/Content/Internationalization/icudt64l/lang/ff.res" 1151
"../../../Engine/Content/Internationalization/icudt64l/lang/ff_Latn.res" 1152
"../../../Engine/Content/Internationalization/icudt64l/region/ff.res" 1153
"../../../Engine/Content/Internationalization/icudt64l/region/ff_Latn.res" 1154
"../../../Engine/Content/Internationalization/icudt64l/lang/ff_CM.res" 1155
"../../../Engine/Content/Internationalization/icudt64l/lang/ff_Latn_CM.res" 1156
"../../../Engine/Content/Internationalization/icudt64l/region/ff_CM.res" 1157
"../../../Engine/Content/Internationalization/icudt64l/region/ff_Latn_CM.res" 1158
"../../../Engine/Content/Internationalization/icudt64l/lang/ff_GN.res" 1159
"../../../Engine/Content/Internationalization/icudt64l/lang/ff_Latn_GN.res" 1160
"../../../Engine/Content/Internationalization/icudt64l/region/ff_GN.res" 1161
"../../../Engine/Content/Internationalization/icudt64l/region/ff_Latn_GN.res" 1162
"../../../Engine/Content/Internationalization/icudt64l/lang/ff_MR.res" 1163
"../../../Engine/Content/Internationalization/icudt64l/lang/ff_Latn_MR.res" 1164
"../../../Engine/Content/Internationalization/icudt64l/region/ff_MR.res" 1165
"../../../Engine/Content/Internationalization/icudt64l/region/ff_Latn_MR.res" 1166
"../../../Engine/Content/Internationalization/icudt64l/lang/ff_SN.res" 1167
"../../../Engine/Content/Internationalization/icudt64l/lang/ff_Latn_SN.res" 1168
"../../../Engine/Content/Internationalization/icudt64l/region/ff_SN.res" 1169
"../../../Engine/Content/Internationalization/icudt64l/region/ff_Latn_SN.res" 1170
"../../../Engine/Content/Internationalization/icudt64l/lang/fi.res" 1171
"../../../Engine/Content/Internationalization/icudt64l/region/fi.res" 1172
"../../../Engine/Content/Internationalization/icudt64l/lang/fil.res" 1173
"../../../Engine/Content/Internationalization/icudt64l/lang/fil_PH.res" 1174
"../../../Engine/Content/Internationalization/icudt64l/region/fil_PH.res" 1175
"../../../Engine/Content/Internationalization/icudt64l/region/fil.res" 1176
"../../../Engine/Content/Internationalization/icudt64l/lang/fo.res" 1177
"../../../Engine/Content/Internationalization/icudt64l/region/fo.res" 1178
"../../../Engine/Content/Internationalization/icudt64l/lang/fr.res" 1179
"../../../Engine/Content/Internationalization/icudt64l/lang/fr_BE.res" 1180
"../../../Engine/Content/Internationalization/icudt64l/region/fr_BE.res" 1181
"../../../Engine/Content/Internationalization/icudt64l/region/fr.res" 1182
"../../../Engine/Content/Internationalization/icudt64l/lang/fr_CA.res" 1183
"../../../Engine/Content/Internationalization/icudt64l/region/fr_CA.res" 1184
"../../../Engine/Content/Internationalization/icudt64l/lang/fr_CH.res" 1185
"../../../Engine/Content/Internationalization/icudt64l/lang/fur.res" 1186
"../../../Engine/Content/Internationalization/icudt64l/region/fur.res" 1187
"../../../Engine/Content/Internationalization/icudt64l/lang/fy.res" 1188
"../../../Engine/Content/Internationalization/icudt64l/region/fy.res" 1189
"../../../Engine/Content/Internationalization/icudt64l/lang/ga.res" 1190
"../../../Engine/Content/Internationalization/icudt64l/region/ga.res" 1191
"../../../Engine/Content/Internationalization/icudt64l/lang/gd.res" 1192
"../../../Engine/Content/Internationalization/icudt64l/region/gd.res" 1193
"../../../Engine/Content/Internationalization/icudt64l/lang/gl.res" 1194
"../../../Engine/Content/Internationalization/icudt64l/region/gl.res" 1195
"../../../Engine/Content/Internationalization/icudt64l/lang/gsw.res" 1196
"../../../Engine/Content/Internationalization/icudt64l/region/gsw.res" 1197
"../../../Engine/Content/Internationalization/icudt64l/lang/gu.res" 1198
"../../../Engine/Content/Internationalization/icudt64l/region/gu.res" 1199
"../../../Engine/Content/Internationalization/icudt64l/lang/guz.res" 1200
"../../../Engine/Content/Internationalization/icudt64l/region/guz.res" 1201
"../../../Engine/Content/Internationalization/icudt64l/lang/gv.res" 1202
"../../../Engine/Content/Internationalization/icudt64l/region/gv.res" 1203
"../../../Engine/Content/Internationalization/icudt64l/lang/ha.res" 1204
"../../../Engine/Content/Internationalization/icudt64l/region/ha.res" 1205
"../../../Engine/Content/Internationalization/icudt64l/lang/ha_NE.res" 1206
"../../../Engine/Content/Internationalization/icudt64l/region/ha_NE.res" 1207
"../../../Engine/Content/Internationalization/icudt64l/lang/haw.res" 1208
"../../../Engine/Content/Internationalization/icudt64l/region/haw.res" 1209
"../../../Engine/Content/Internationalization/icudt64l/lang/he.res" 1210
"../../../Engine/Content/Internationalization/icudt64l/lang/he_IL.res" 1211
"../../../Engine/Content/Internationalization/icudt64l/region/he_IL.res" 1212
"../../../Engine/Content/Internationalization/icudt64l/region/he.res" 1213
"../../../Engine/Content/Internationalization/icudt64l/lang/hi.res" 1214
"../../../Engine/Content/Internationalization/icudt64l/region/hi.res" 1215
"../../../Engine/Content/Internationalization/icudt64l/lang/hr.res" 1216
"../../../Engine/Content/Internationalization/icudt64l/region/hr.res" 1217
"../../../Engine/Content/Internationalization/icudt64l/lang/hsb.res" 1218
"../../../Engine/Content/Internationalization/icudt64l/region/hsb.res" 1219
"../../../Engine/Content/Internationalization/icudt64l/lang/hu.res" 1220
"../../../Engine/Content/Internationalization/icudt64l/region/hu.res" 1221
"../../../Engine/Content/Internationalization/icudt64l/lang/hy.res" 1222
"../../../Engine/Content/Internationalization/icudt64l/region/hy.res" 1223
"../../../Engine/Content/Internationalization/icudt64l/lang/ia.res" 1224
"../../../Engine/Content/Internationalization/icudt64l/region/ia.res" 1225
"../../../Engine/Content/Internationalization/icudt64l/lang/id.res" 1226
"../../../Engine/Content/Internationalization/icudt64l/lang/id_ID.res" 1227
"../../../Engine/Content/Internationalization/icudt64l/region/id_ID.res" 1228
"../../../Engine/Content/Internationalization/icudt64l/region/id.res" 1229
"../../../Engine/Content/Internationalization/icudt64l/lang/ig.res" 1230
"../../../Engine/Content/Internationalization/icudt64l/region/ig.res" 1231
"../../../Engine/Content/Internationalization/icudt64l/lang/ii.res" 1232
"../../../Engine/Content/Internationalization/icudt64l/region/ii.res" 1233
"../../../Engine/Content/Internationalization/icudt64l/lang/is.res" 1234
"../../../Engine/Content/Internationalization/icudt64l/region/is.res" 1235
"../../../Engine/Content/Internationalization/icudt64l/lang/it.res" 1236
"../../../Engine/Content/Internationalization/icudt64l/region/it.res" 1237
"../../../Engine/Content/Internationalization/icudt64l/lang/ja.res" 1238
"../../../Engine/Content/Internationalization/icudt64l/lang/ja_JP.res" 1239
"../../../Engine/Content/Internationalization/icudt64l/region/ja_JP.res" 1240
"../../../Engine/Content/Internationalization/icudt64l/region/ja.res" 1241
"../../../Engine/Content/Internationalization/icudt64l/lang/jgo.res" 1242
"../../../Engine/Content/Internationalization/icudt64l/region/jgo.res" 1243
"../../../Engine/Content/Internationalization/icudt64l/lang/jmc.res" 1244
"../../../Engine/Content/Internationalization/icudt64l/region/jmc.res" 1245
"../../../Engine/Content/Internationalization/icudt64l/lang/jv.res" 1246
"../../../Engine/Content/Internationalization/icudt64l/region/jv.res" 1247
"../../../Engine/Content/Internationalization/icudt64l/lang/ka.res" 1248
"../../../Engine/Content/Internationalization/icudt64l/region/ka.res" 1249
"../../../Engine/Content/Internationalization/icudt64l/lang/kab.res" 1250
"../../../Engine/Content/Internationalization/icudt64l/region/kab.res" 1251
"../../../Engine/Content/Internationalization/icudt64l/lang/kam.res" 1252
"../../../Engine/Content/Internationalization/icudt64l/region/kam.res" 1253
"../../../Engine/Content/Internationalization/icudt64l/lang/kde.res" 1254
"../../../Engine/Content/Internationalization/icudt64l/region/kde.res" 1255
"../../../Engine/Content/Internationalization/icudt64l/lang/kea.res" 1256
"../../../Engine/Content/Internationalization/icudt64l/region/kea.res" 1257
"../../../Engine/Content/Internationalization/icudt64l/lang/khq.res" 1258
"../../../Engine/Content/Internationalization/icudt64l/region/khq.res" 1259
"../../../Engine/Content/Internationalization/icudt64l/lang/ki.res" 1260
"../../../Engine/Content/Internationalization/icudt64l/region/ki.res" 1261
"../../../Engine/Content/Internationalization/icudt64l/lang/kk.res" 1262
"../../../Engine/Content/Internationalization/icudt64l/region/kk.res" 1263
"../../../Engine/Content/Internationalization/icudt64l/lang/kkj.res" 1264
"../../../Engine/Content/Internationalization/icudt64l/region/kkj.res" 1265
"../../../Engine/Content/Internationalization/icudt64l/lang/kl.res" 1266
"../../../Engine/Content/Internationalization/icudt64l/region/kl.res" 1267
"../../../Engine/Content/Internationalization/icudt64l/lang/kln.res" 1268
"../../../Engine/Content/Internationalization/icudt64l/region/kln.res" 1269
"../../../Engine/Content/Internationalization/icudt64l/lang/km.res" 1270
"../../../Engine/Content/Internationalization/icudt64l/region/km.res" 1271
"../../../Engine/Content/Internationalization/icudt64l/lang/kn.res" 1272
"../../../Engine/Content/Internationalization/icudt64l/region/kn.res" 1273
"../../../Engine/Content/Internationalization/icudt64l/region/ko_KP.res" 1274
"../../../Engine/Content/Internationalization/icudt64l/lang/kok.res" 1275
"../../../Engine/Content/Internationalization/icudt64l/region/kok.res" 1276
"../../../Engine/Content/Internationalization/icudt64l/lang/ks.res" 1277
"../../../Engine/Content/Internationalization/icudt64l/region/ks.res" 1278
"../../../Engine/Content/Internationalization/icudt64l/lang/ksb.res" 1279
"../../../Engine/Content/Internationalization/icudt64l/region/ksb.res" 1280
"../../../Engine/Content/Internationalization/icudt64l/lang/ksf.res" 1281
"../../../Engine/Content/Internationalization/icudt64l/region/ksf.res" 1282
"../../../Engine/Content/Internationalization/icudt64l/lang/ksh.res" 1283
"../../../Engine/Content/Internationalization/icudt64l/region/ksh.res" 1284
"../../../Engine/Content/Internationalization/icudt64l/lang/ku.res" 1285
"../../../Engine/Content/Internationalization/icudt64l/region/ku.res" 1286
"../../../Engine/Content/Internationalization/icudt64l/lang/kw.res" 1287
"../../../Engine/Content/Internationalization/icudt64l/region/kw.res" 1288
"../../../Engine/Content/Internationalization/icudt64l/lang/ky.res" 1289
"../../../Engine/Content/Internationalization/icudt64l/region/ky.res" 1290
"../../../Engine/Content/Internationalization/icudt64l/lang/lag.res" 1291
"../../../Engine/Content/Internationalization/icudt64l/region/lag.res" 1292
"../../../Engine/Content/Internationalization/icudt64l/lang/lb.res" 1293
"../../../Engine/Content/Internationalization/icudt64l/region/lb.res" 1294
"../../../Engine/Content/Internationalization/icudt64l/lang/lg.res" 1295
"../../../Engine/Content/Internationalization/icudt64l/region/lg.res" 1296
"../../../Engine/Content/Internationalization/icudt64l/lang/lkt.res" 1297
"../../../Engine/Content/Internationalization/icudt64l/region/lkt.res" 1298
"../../../Engine/Content/Internationalization/icudt64l/lang/ln.res" 1299
"../../../Engine/Content/Internationalization/icudt64l/region/ln.res" 1300
"../../../Engine/Content/Internationalization/icudt64l/lang/lo.res" 1301
"../../../Engine/Content/Internationalization/icudt64l/region/lo.res" 1302
"../../../Engine/Content/Internationalization/icudt64l/lang/lrc.res" 1303
"../../../Engine/Content/Internationalization/icudt64l/region/lrc.res" 1304
"../../../Engine/Content/Internationalization/icudt64l/lang/lt.res" 1305
"../../../Engine/Content/Internationalization/icudt64l/region/lt.res" 1306
"../../../Engine/Content/Internationalization/icudt64l/lang/lu.res" 1307
"../../../Engine/Content/Internationalization/icudt64l/region/lu.res" 1308
"../../../Engine/Content/Internationalization/icudt64l/lang/luo.res" 1309
"../../../Engine/Content/Internationalization/icudt64l/region/luo.res" 1310
"../../../Engine/Content/Internationalization/icudt64l/lang/luy.res" 1311
"../../../Engine/Content/Internationalization/icudt64l/region/luy.res" 1312
"../../../Engine/Content/Internationalization/icudt64l/lang/lv.res" 1313
"../../../Engine/Content/Internationalization/icudt64l/region/lv.res" 1314
"../../../Engine/Content/Internationalization/icudt64l/lang/mas.res" 1315
"../../../Engine/Content/Internationalization/icudt64l/region/mas.res" 1316
"../../../Engine/Content/Internationalization/icudt64l/lang/mer.res" 1317
"../../../Engine/Content/Internationalization/icudt64l/region/mer.res" 1318
"../../../Engine/Content/Internationalization/icudt64l/lang/mfe.res" 1319
"../../../Engine/Content/Internationalization/icudt64l/region/mfe.res" 1320
"../../../Engine/Content/Internationalization/icudt64l/lang/mg.res" 1321
"../../../Engine/Content/Internationalization/icudt64l/region/mg.res" 1322
"../../../Engine/Content/Internationalization/icudt64l/lang/mgh.res" 1323
"../../../Engine/Content/Internationalization/icudt64l/region/mgh.res" 1324
"../../../Engine/Content/Internationalization/icudt64l/lang/mgo.res" 1325
"../../../Engine/Content/Internationalization/icudt64l/region/mgo.res" 1326
"../../../Engine/Content/Internationalization/icudt64l/lang/mi.res" 1327
"../../../Engine/Content/Internationalization/icudt64l/region/mi.res" 1328
"../../../Engine/Content/Internationalization/icudt64l/lang/mk.res" 1329
"../../../Engine/Content/Internationalization/icudt64l/region/mk.res" 1330
"../../../Engine/Content/Internationalization/icudt64l/lang/ml.res" 1331
"../../../Engine/Content/Internationalization/icudt64l/region/ml.res" 1332
"../../../Engine/Content/Internationalization/icudt64l/lang/mn.res" 1333
"../../../Engine/Content/Internationalization/icudt64l/region/mn.res" 1334
"../../../Engine/Content/Internationalization/icudt64l/lang/mr.res" 1335
"../../../Engine/Content/Internationalization/icudt64l/region/mr.res" 1336
"../../../Engine/Content/Internationalization/icudt64l/lang/ms.res" 1337
"../../../Engine/Content/Internationalization/icudt64l/region/ms.res" 1338
"../../../Engine/Content/Internationalization/icudt64l/lang/mt.res" 1339
"../../../Engine/Content/Internationalization/icudt64l/region/mt.res" 1340
"../../../Engine/Content/Internationalization/icudt64l/lang/mua.res" 1341
"../../../Engine/Content/Internationalization/icudt64l/region/mua.res" 1342
"../../../Engine/Content/Internationalization/icudt64l/lang/my.res" 1343
"../../../Engine/Content/Internationalization/icudt64l/region/my.res" 1344
"../../../Engine/Content/Internationalization/icudt64l/lang/mzn.res" 1345
"../../../Engine/Content/Internationalization/icudt64l/region/mzn.res" 1346
"../../../Engine/Content/Internationalization/icudt64l/lang/naq.res" 1347
"../../../Engine/Content/Internationalization/icudt64l/region/naq.res" 1348
"../../../Engine/Content/Internationalization/icudt64l/lang/nb.res" 1349
"../../../Engine/Content/Internationalization/icudt64l/lang/nb_NO.res" 1350
"../../../Engine/Content/Internationalization/icudt64l/region/nb_NO.res" 1351
"../../../Engine/Content/Internationalization/icudt64l/region/nb.res" 1352
"../../../Engine/Content/Internationalization/icudt64l/lang/nd.res" 1353
"../../../Engine/Content/Internationalization/icudt64l/region/nd.res" 1354
"../../../Engine/Content/Internationalization/icudt64l/lang/nds.res" 1355
"../../../Engine/Content/Internationalization/icudt64l/region/nds.res" 1356
"../../../Engine/Content/Internationalization/icudt64l/lang/ne.res" 1357
"../../../Engine/Content/Internationalization/icudt64l/region/ne.res" 1358
"../../../Engine/Content/Internationalization/icudt64l/lang/nl.res" 1359
"../../../Engine/Content/Internationalization/icudt64l/region/nl.res" 1360
"../../../Engine/Content/Internationalization/icudt64l/lang/nmg.res" 1361
"../../../Engine/Content/Internationalization/icudt64l/region/nmg.res" 1362
"../../../Engine/Content/Internationalization/icudt64l/lang/nn.res" 1363
"../../../Engine/Content/Internationalization/icudt64l/lang/nn_NO.res" 1364
"../../../Engine/Content/Internationalization/icudt64l/region/nn_NO.res" 1365
"../../../Engine/Content/Internationalization/icudt64l/region/nn.res" 1366
"../../../Engine/Content/Internationalization/icudt64l/lang/nnh.res" 1367
"../../../Engine/Content/Internationalization/icudt64l/region/nnh.res" 1368
"../../../Engine/Content/Internationalization/icudt64l/lang/nus.res" 1369
"../../../Engine/Content/Internationalization/icudt64l/region/nus.res" 1370
"../../../Engine/Content/Internationalization/icudt64l/lang/nyn.res" 1371
"../../../Engine/Content/Internationalization/icudt64l/region/nyn.res" 1372
"../../../Engine/Content/Internationalization/icudt64l/lang/om.res" 1373
"../../../Engine/Content/Internationalization/icudt64l/region/om.res" 1374
"../../../Engine/Content/Internationalization/icudt64l/lang/or.res" 1375
"../../../Engine/Content/Internationalization/icudt64l/region/or.res" 1376
"../../../Engine/Content/Internationalization/icudt64l/lang/os.res" 1377
"../../../Engine/Content/Internationalization/icudt64l/region/os.res" 1378
"../../../Engine/Content/Internationalization/icudt64l/lang/pa.res" 1379
"../../../Engine/Content/Internationalization/icudt64l/lang/pa_Arab.res" 1380
"../../../Engine/Content/Internationalization/icudt64l/lang/pa_PK.res" 1381
"../../../Engine/Content/Internationalization/icudt64l/lang/pa_Arab_PK.res" 1382
"../../../Engine/Content/Internationalization/icudt64l/region/pa_PK.res" 1383
"../../../Engine/Content/Internationalization/icudt64l/region/pa_Arab_PK.res" 1384
"../../../Engine/Content/Internationalization/icudt64l/region/pa_Arab.res" 1385
"../../../Engine/Content/Internationalization/icudt64l/lang/pa_Guru.res" 1386
"../../../Engine/Content/Internationalization/icudt64l/lang/pa_IN.res" 1387
"../../../Engine/Content/Internationalization/icudt64l/lang/pa_Guru_IN.res" 1388
"../../../Engine/Content/Internationalization/icudt64l/region/pa_IN.res" 1389
"../../../Engine/Content/Internationalization/icudt64l/region/pa_Guru_IN.res" 1390
"../../../Engine/Content/Internationalization/icudt64l/region/pa_Guru.res" 1391
"../../../Engine/Content/Internationalization/icudt64l/region/pa.res" 1392
"../../../Engine/Content/Internationalization/icudt64l/lang/pl.res" 1393
"../../../Engine/Content/Internationalization/icudt64l/region/pl.res" 1394
"../../../Engine/Content/Internationalization/icudt64l/lang/ps.res" 1395
"../../../Engine/Content/Internationalization/icudt64l/region/ps.res" 1396
"../../../Engine/Content/Internationalization/icudt64l/lang/ps_PK.res" 1397
"../../../Engine/Content/Internationalization/icudt64l/region/ps_PK.res" 1398
"../../../Engine/Content/Internationalization/icudt64l/lang/pt.res" 1399
"../../../Engine/Content/Internationalization/icudt64l/lang/pt_AO.res" 1400
"../../../Engine/Content/Internationalization/icudt64l/lang/pt_PT.res" 1401
"../../../Engine/Content/Internationalization/icudt64l/region/pt_AO.res" 1402
"../../../Engine/Content/Internationalization/icudt64l/region/pt_PT.res" 1403
"../../../Engine/Content/Internationalization/icudt64l/region/pt.res" 1404
"../../../Engine/Content/Internationalization/icudt64l/lang/pt_CH.res" 1405
"../../../Engine/Content/Internationalization/icudt64l/region/pt_CH.res" 1406
"../../../Engine/Content/Internationalization/icudt64l/lang/pt_CV.res" 1407
"../../../Engine/Content/Internationalization/icudt64l/region/pt_CV.res" 1408
"../../../Engine/Content/Internationalization/icudt64l/lang/pt_GQ.res" 1409
"../../../Engine/Content/Internationalization/icudt64l/region/pt_GQ.res" 1410
"../../../Engine/Content/Internationalization/icudt64l/lang/pt_GW.res" 1411
"../../../Engine/Content/Internationalization/icudt64l/region/pt_GW.res" 1412
"../../../Engine/Content/Internationalization/icudt64l/lang/pt_LU.res" 1413
"../../../Engine/Content/Internationalization/icudt64l/region/pt_LU.res" 1414
"../../../Engine/Content/Internationalization/icudt64l/lang/pt_MO.res" 1415
"../../../Engine/Content/Internationalization/icudt64l/region/pt_MO.res" 1416
"../../../Engine/Content/Internationalization/icudt64l/lang/pt_MZ.res" 1417
"../../../Engine/Content/Internationalization/icudt64l/region/pt_MZ.res" 1418
"../../../Engine/Content/Internationalization/icudt64l/lang/pt_ST.res" 1419
"../../../Engine/Content/Internationalization/icudt64l/region/pt_ST.res" 1420
"../../../Engine/Content/Internationalization/icudt64l/lang/pt_TL.res" 1421
"../../../Engine/Content/Internationalization/icudt64l/region/pt_TL.res" 1422
"../../../Engine/Content/Internationalization/icudt64l/lang/qu.res" 1423
"../../../Engine/Content/Internationalization/icudt64l/region/qu.res" 1424
"../../../Engine/Content/Internationalization/icudt64l/lang/rm.res" 1425
"../../../Engine/Content/Internationalization/icudt64l/region/rm.res" 1426
"../../../Engine/Content/Internationalization/icudt64l/lang/rn.res" 1427
"../../../Engine/Content/Internationalization/icudt64l/region/rn.res" 1428
"../../../Engine/Content/Internationalization/icudt64l/lang/ro.res" 1429
"../../../Engine/Content/Internationalization/icudt64l/lang/ro_MD.res" 1430
"../../../Engine/Content/Internationalization/icudt64l/region/ro_MD.res" 1431
"../../../Engine/Content/Internationalization/icudt64l/region/ro.res" 1432
"../../../Engine/Content/Internationalization/icudt64l/lang/rof.res" 1433
"../../../Engine/Content/Internationalization/icudt64l/region/rof.res" 1434
"../../../Engine/Content/Internationalization/icudt64l/lang/ru.res" 1435
"../../../Engine/Content/Internationalization/icudt64l/region/ru.res" 1436
"../../../Engine/Content/Internationalization/icudt64l/region/ru_UA.res" 1437
"../../../Engine/Content/Internationalization/icudt64l/lang/rw.res" 1438
"../../../Engine/Content/Internationalization/icudt64l/region/rw.res" 1439
"../../../Engine/Content/Internationalization/icudt64l/lang/rwk.res" 1440
"../../../Engine/Content/Internationalization/icudt64l/region/rwk.res" 1441
"../../../Engine/Content/Internationalization/icudt64l/lang/sah.res" 1442
"../../../Engine/Content/Internationalization/icudt64l/region/sah.res" 1443
"../../../Engine/Content/Internationalization/icudt64l/lang/saq.res" 1444
"../../../Engine/Content/Internationalization/icudt64l/region/saq.res" 1445
"../../../Engine/Content/Internationalization/icudt64l/lang/sbp.res" 1446
"../../../Engine/Content/Internationalization/icudt64l/region/sbp.res" 1447
"../../../Engine/Content/Internationalization/icudt64l/lang/sd.res" 1448
"../../../Engine/Content/Internationalization/icudt64l/region/sd.res" 1449
"../../../Engine/Content/Internationalization/icudt64l/lang/se.res" 1450
"../../../Engine/Content/Internationalization/icudt64l/lang/se_FI.res" 1451
"../../../Engine/Content/Internationalization/icudt64l/region/se_FI.res" 1452
"../../../Engine/Content/Internationalization/icudt64l/region/se.res" 1453
"../../../Engine/Content/Internationalization/icudt64l/lang/seh.res" 1454
"../../../Engine/Content/Internationalization/icudt64l/region/seh.res" 1455
"../../../Engine/Content/Internationalization/icudt64l/lang/ses.res" 1456
"../../../Engine/Content/Internationalization/icudt64l/region/ses.res" 1457
"../../../Engine/Content/Internationalization/icudt64l/lang/sg.res" 1458
"../../../Engine/Content/Internationalization/icudt64l/region/sg.res" 1459
"../../../Engine/Content/Internationalization/icudt64l/lang/shi.res" 1460
"../../../Engine/Content/Internationalization/icudt64l/lang/shi_Latn.res" 1461
"../../../Engine/Content/Internationalization/icudt64l/lang/shi_MA.res" 1462
"../../../Engine/Content/Internationalization/icudt64l/lang/shi_Tfng_MA.res" 1463
"../../../Engine/Content/Internationalization/icudt64l/lang/shi_Tfng.res" 1464
"../../../Engine/Content/Internationalization/icudt64l/region/shi_MA.res" 1465
"../../../Engine/Content/Internationalization/icudt64l/region/shi_Tfng_MA.res" 1466
"../../../Engine/Content/Internationalization/icudt64l/region/shi_Tfng.res" 1467
"../../../Engine/Content/Internationalization/icudt64l/region/shi.res" 1468
"../../../Engine/Content/Internationalization/icudt64l/region/shi_Latn.res" 1469
"../../../Engine/Content/Internationalization/icudt64l/lang/si.res" 1470
"../../../Engine/Content/Internationalization/icudt64l/region/si.res" 1471
"../../../Engine/Content/Internationalization/icudt64l/lang/sk.res" 1472
"../../../Engine/Content/Internationalization/icudt64l/region/sk.res" 1473
"../../../Engine/Content/Internationalization/icudt64l/lang/sl.res" 1474
"../../../Engine/Content/Internationalization/icudt64l/region/sl.res" 1475
"../../../Engine/Content/Internationalization/icudt64l/lang/smn.res" 1476
"../../../Engine/Content/Internationalization/icudt64l/region/smn.res" 1477
"../../../Engine/Content/Internationalization/icudt64l/lang/sn.res" 1478
"../../../Engine/Content/Internationalization/icudt64l/region/sn.res" 1479
"../../../Engine/Content/Internationalization/icudt64l/lang/so.res" 1480
"../../../Engine/Content/Internationalization/icudt64l/region/so.res" 1481
"../../../Engine/Content/Internationalization/icudt64l/lang/sq.res" 1482
"../../../Engine/Content/Internationalization/icudt64l/region/sq.res" 1483
"../../../Engine/Content/Internationalization/icudt64l/lang/sr.res" 1484
"../../../Engine/Content/Internationalization/icudt64l/lang/sr_Cyrl.res" 1485
"../../../Engine/Content/Internationalization/icudt64l/lang/sr_BA.res" 1486
"../../../Engine/Content/Internationalization/icudt64l/lang/sr_Cyrl_BA.res" 1487
"../../../Engine/Content/Internationalization/icudt64l/region/sr_BA.res" 1488
"../../../Engine/Content/Internationalization/icudt64l/region/sr_Cyrl_BA.res" 1489
"../../../Engine/Content/Internationalization/icudt64l/region/sr_Cyrl.res" 1490
"../../../Engine/Content/Internationalization/icudt64l/region/sr.res" 1491
"../../../Engine/Content/Internationalization/icudt64l/lang/sr_ME.res" 1492
"../../../Engine/Content/Internationalization/icudt64l/lang/sr_Latn_ME.res" 1493
"../../../Engine/Content/Internationalization/icudt64l/lang/sr_Latn.res" 1494
"../../../Engine/Content/Internationalization/icudt64l/region/sr_ME.res" 1495
"../../../Engine/Content/Internationalization/icudt64l/region/sr_Latn_ME.res" 1496
"../../../Engine/Content/Internationalization/icudt64l/region/sr_Latn.res" 1497
"../../../Engine/Content/Internationalization/icudt64l/lang/sr_Cyrl_ME.res" 1498
"../../../Engine/Content/Internationalization/icudt64l/region/sr_Cyrl_ME.res" 1499
"../../../Engine/Content/Internationalization/icudt64l/lang/sr_RS.res" 1500
"../../../Engine/Content/Internationalization/icudt64l/lang/sr_Cyrl_RS.res" 1501
"../../../Engine/Content/Internationalization/icudt64l/region/sr_RS.res" 1502
"../../../Engine/Content/Internationalization/icudt64l/region/sr_Cyrl_RS.res" 1503
"../../../Engine/Content/Internationalization/icudt64l/lang/sr_XK.res" 1504
"../../../Engine/Content/Internationalization/icudt64l/lang/sr_Cyrl_XK.res" 1505
"../../../Engine/Content/Internationalization/icudt64l/region/sr_XK.res" 1506
"../../../Engine/Content/Internationalization/icudt64l/region/sr_Cyrl_XK.res" 1507
"../../../Engine/Content/Internationalization/icudt64l/lang/sr_Latn_BA.res" 1508
"../../../Engine/Content/Internationalization/icudt64l/region/sr_Latn_BA.res" 1509
"../../../Engine/Content/Internationalization/icudt64l/lang/sr_Latn_RS.res" 1510
"../../../Engine/Content/Internationalization/icudt64l/region/sr_Latn_RS.res" 1511
"../../../Engine/Content/Internationalization/icudt64l/lang/sr_Latn_XK.res" 1512
"../../../Engine/Content/Internationalization/icudt64l/region/sr_Latn_XK.res" 1513
"../../../Engine/Content/Internationalization/icudt64l/lang/sv.res" 1514
"../../../Engine/Content/Internationalization/icudt64l/region/sv.res" 1515
"../../../Engine/Content/Internationalization/icudt64l/lang/sv_FI.res" 1516
"../../../Engine/Content/Internationalization/icudt64l/lang/sw.res" 1517
"../../../Engine/Content/Internationalization/icudt64l/lang/sw_CD.res" 1518
"../../../Engine/Content/Internationalization/icudt64l/region/sw_CD.res" 1519
"../../../Engine/Content/Internationalization/icudt64l/region/sw.res" 1520
"../../../Engine/Content/Internationalization/icudt64l/lang/sw_KE.res" 1521
"../../../Engine/Content/Internationalization/icudt64l/region/sw_KE.res" 1522
"../../../Engine/Content/Internationalization/icudt64l/lang/ta.res" 1523
"../../../Engine/Content/Internationalization/icudt64l/region/ta.res" 1524
"../../../Engine/Content/Internationalization/icudt64l/lang/te.res" 1525
"../../../Engine/Content/Internationalization/icudt64l/region/te.res" 1526
"../../../Engine/Content/Internationalization/icudt64l/lang/teo.res" 1527
"../../../Engine/Content/Internationalization/icudt64l/region/teo.res" 1528
"../../../Engine/Content/Internationalization/icudt64l/lang/tg.res" 1529
"../../../Engine/Content/Internationalization/icudt64l/region/tg.res" 1530
"../../../Engine/Content/Internationalization/icudt64l/lang/th.res" 1531
"../../../Engine/Content/Internationalization/icudt64l/lang/th_TH.res" 1532
"../../../Engine/Content/Internationalization/icudt64l/region/th_TH.res" 1533
"../../../Engine/Content/Internationalization/icudt64l/region/th.res" 1534
"../../../Engine/Content/Internationalization/icudt64l/lang/ti.res" 1535
"../../../Engine/Content/Internationalization/icudt64l/region/ti.res" 1536
"../../../Engine/Content/Internationalization/icudt64l/lang/tk.res" 1537
"../../../Engine/Content/Internationalization/icudt64l/region/tk.res" 1538
"../../../Engine/Content/Internationalization/icudt64l/lang/to.res" 1539
"../../../Engine/Content/Internationalization/icudt64l/region/to.res" 1540
"../../../Engine/Content/Internationalization/icudt64l/lang/tr.res" 1541
"../../../Engine/Content/Internationalization/icudt64l/region/tr.res" 1542
"../../../Engine/Content/Internationalization/icudt64l/lang/tt.res" 1543
"../../../Engine/Content/Internationalization/icudt64l/region/tt.res" 1544
"../../../Engine/Content/Internationalization/icudt64l/lang/twq.res" 1545
"../../../Engine/Content/Internationalization/icudt64l/region/twq.res" 1546
"../../../Engine/Content/Internationalization/icudt64l/lang/tzm.res" 1547
"../../../Engine/Content/Internationalization/icudt64l/region/tzm.res" 1548
"../../../Engine/Content/Internationalization/icudt64l/lang/ug.res" 1549
"../../../Engine/Content/Internationalization/icudt64l/region/ug.res" 1550
"../../../Engine/Content/Internationalization/icudt64l/lang/uk.res" 1551
"../../../Engine/Content/Internationalization/icudt64l/region/uk.res" 1552
"../../../Engine/Content/Internationalization/icudt64l/lang/ur.res" 1553
"../../../Engine/Content/Internationalization/icudt64l/lang/ur_IN.res" 1554
"../../../Engine/Content/Internationalization/icudt64l/region/ur_IN.res" 1555
"../../../Engine/Content/Internationalization/icudt64l/region/ur.res" 1556
"../../../Engine/Content/Internationalization/icudt64l/lang/uz.res" 1557
"../../../Engine/Content/Internationalization/icudt64l/lang/uz_Arab.res" 1558
"../../../Engine/Content/Internationalization/icudt64l/lang/uz_AF.res" 1559
"../../../Engine/Content/Internationalization/icudt64l/lang/uz_Arab_AF.res" 1560
"../../../Engine/Content/Internationalization/icudt64l/region/uz_AF.res" 1561
"../../../Engine/Content/Internationalization/icudt64l/region/uz_Arab_AF.res" 1562
"../../../Engine/Content/Internationalization/icudt64l/region/uz_Arab.res" 1563
"../../../Engine/Content/Internationalization/icudt64l/lang/uz_Cyrl.res" 1564
"../../../Engine/Content/Internationalization/icudt64l/lang/uz_UZ.res" 1565
"../../../Engine/Content/Internationalization/icudt64l/lang/uz_Latn_UZ.res" 1566
"../../../Engine/Content/Internationalization/icudt64l/lang/uz_Latn.res" 1567
"../../../Engine/Content/Internationalization/icudt64l/region/uz_UZ.res" 1568
"../../../Engine/Content/Internationalization/icudt64l/region/uz_Latn_UZ.res" 1569
"../../../Engine/Content/Internationalization/icudt64l/region/uz_Latn.res" 1570
"../../../Engine/Content/Internationalization/icudt64l/region/uz.res" 1571
"../../../Engine/Content/Internationalization/icudt64l/region/uz_Cyrl.res" 1572
"../../../Engine/Content/Internationalization/icudt64l/lang/vai.res" 1573
"../../../Engine/Content/Internationalization/icudt64l/lang/vai_Latn.res" 1574
"../../../Engine/Content/Internationalization/icudt64l/lang/vai_LR.res" 1575
"../../../Engine/Content/Internationalization/icudt64l/lang/vai_Vaii_LR.res" 1576
"../../../Engine/Content/Internationalization/icudt64l/lang/vai_Vaii.res" 1577
"../../../Engine/Content/Internationalization/icudt64l/region/vai_LR.res" 1578
"../../../Engine/Content/Internationalization/icudt64l/region/vai_Vaii_LR.res" 1579
"../../../Engine/Content/Internationalization/icudt64l/region/vai_Vaii.res" 1580
"../../../Engine/Content/Internationalization/icudt64l/region/vai.res" 1581
"../../../Engine/Content/Internationalization/icudt64l/region/vai_Latn.res" 1582
"../../../Engine/Content/Internationalization/icudt64l/lang/vi.res" 1583
"../../../Engine/Content/Internationalization/icudt64l/region/vi.res" 1584
"../../../Engine/Content/Internationalization/icudt64l/lang/vun.res" 1585
"../../../Engine/Content/Internationalization/icudt64l/region/vun.res" 1586
"../../../Engine/Content/Internationalization/icudt64l/lang/wae.res" 1587
"../../../Engine/Content/Internationalization/icudt64l/region/wae.res" 1588
"../../../Engine/Content/Internationalization/icudt64l/lang/wo.res" 1589
"../../../Engine/Content/Internationalization/icudt64l/region/wo.res" 1590
"../../../Engine/Content/Internationalization/icudt64l/lang/xh.res" 1591
"../../../Engine/Content/Internationalization/icudt64l/region/xh.res" 1592
"../../../Engine/Content/Internationalization/icudt64l/lang/xog.res" 1593
"../../../Engine/Content/Internationalization/icudt64l/region/xog.res" 1594
"../../../Engine/Content/Internationalization/icudt64l/lang/yav.res" 1595
"../../../Engine/Content/Internationalization/icudt64l/region/yav.res" 1596
"../../../Engine/Content/Internationalization/icudt64l/lang/yi.res" 1597
"../../../Engine/Content/Internationalization/icudt64l/region/yi.res" 1598
"../../../Engine/Content/Internationalization/icudt64l/lang/yo.res" 1599
"../../../Engine/Content/Internationalization/icudt64l/lang/yo_BJ.res" 1600
"../../../Engine/Content/Internationalization/icudt64l/region/yo_BJ.res" 1601
"../../../Engine/Content/Internationalization/icudt64l/region/yo.res" 1602
"../../../Engine/Content/Internationalization/icudt64l/lang/yue.res" 1603
"../../../Engine/Content/Internationalization/icudt64l/lang/yue_Hans.res" 1604
"../../../Engine/Content/Internationalization/icudt64l/lang/yue_CN.res" 1605
"../../../Engine/Content/Internationalization/icudt64l/lang/yue_Hans_CN.res" 1606
"../../../Engine/Content/Internationalization/icudt64l/region/yue_CN.res" 1607
"../../../Engine/Content/Internationalization/icudt64l/region/yue_Hans_CN.res" 1608
"../../../Engine/Content/Internationalization/icudt64l/region/yue_Hans.res" 1609
"../../../Engine/Content/Internationalization/icudt64l/lang/yue_Hant.res" 1610
"../../../Engine/Content/Internationalization/icudt64l/lang/yue_HK.res" 1611
"../../../Engine/Content/Internationalization/icudt64l/lang/yue_Hant_HK.res" 1612
"../../../Engine/Content/Internationalization/icudt64l/region/yue_HK.res" 1613
"../../../Engine/Content/Internationalization/icudt64l/region/yue_Hant_HK.res" 1614
"../../../Engine/Content/Internationalization/icudt64l/region/yue_Hant.res" 1615
"../../../Engine/Content/Internationalization/icudt64l/region/yue.res" 1616
"../../../Engine/Content/Internationalization/icudt64l/lang/zgh.res" 1617
"../../../Engine/Content/Internationalization/icudt64l/region/zgh.res" 1618
"../../../Engine/Content/Internationalization/icudt64l/lang/zh.res" 1619
"../../../Engine/Content/Internationalization/icudt64l/lang/zh_Hans.res" 1620
"../../../Engine/Content/Internationalization/icudt64l/lang/zh_CN.res" 1621
"../../../Engine/Content/Internationalization/icudt64l/lang/zh_Hans_CN.res" 1622
"../../../Engine/Content/Internationalization/icudt64l/region/zh_CN.res" 1623
"../../../Engine/Content/Internationalization/icudt64l/region/zh_Hans_CN.res" 1624
"../../../Engine/Content/Internationalization/icudt64l/region/zh_Hans.res" 1625
"../../../Engine/Content/Internationalization/icudt64l/region/zh.res" 1626
"../../../Engine/Content/Internationalization/icudt64l/lang/zh_HK.res" 1627
"../../../Engine/Content/Internationalization/icudt64l/lang/zh_Hant_HK.res" 1628
"../../../Engine/Content/Internationalization/icudt64l/lang/zh_Hant.res" 1629
"../../../Engine/Content/Internationalization/icudt64l/region/zh_HK.res" 1630
"../../../Engine/Content/Internationalization/icudt64l/region/zh_Hant_HK.res" 1631
"../../../Engine/Content/Internationalization/icudt64l/region/zh_Hant.res" 1632
"../../../Engine/Content/Internationalization/icudt64l/lang/zh_MO.res" 1633
"../../../Engine/Content/Internationalization/icudt64l/lang/zh_Hant_MO.res" 1634
"../../../Engine/Content/Internationalization/icudt64l/region/zh_MO.res" 1635
"../../../Engine/Content/Internationalization/icudt64l/region/zh_Hant_MO.res" 1636
"../../../Engine/Content/Internationalization/icudt64l/lang/zh_SG.res" 1637
"../../../Engine/Content/Internationalization/icudt64l/lang/zh_Hans_SG.res" 1638
"../../../Engine/Content/Internationalization/icudt64l/region/zh_SG.res" 1639
"../../../Engine/Content/Internationalization/icudt64l/region/zh_Hans_SG.res" 1640
"../../../Engine/Content/Internationalization/icudt64l/lang/zh_TW.res" 1641
"../../../Engine/Content/Internationalization/icudt64l/lang/zh_Hant_TW.res" 1642
"../../../Engine/Content/Internationalization/icudt64l/region/zh_TW.res" 1643
"../../../Engine/Content/Internationalization/icudt64l/region/zh_Hant_TW.res" 1644
"../../../Engine/Content/Internationalization/icudt64l/lang/zu.res" 1645
"../../../Engine/Content/Internationalization/icudt64l/region/zu.res" 1646
"../../../Engine/Content/Internationalization/icudt64l/lang/no.res" 1647
"../../../Engine/Content/Internationalization/icudt64l/lang/tl.res" 1648
"../../../Engine/Config/Android/DataDrivenPlatformInfo.ini" 1649
"../../../Engine/Config/HoloLens/DataDrivenPlatformInfo.ini" 1650
"../../../Engine/Config/IOS/DataDrivenPlatformInfo.ini" 1651
"../../../Engine/Config/Linux/DataDrivenPlatformInfo.ini" 1652
"../../../Engine/Config/LinuxArm64/DataDrivenPlatformInfo.ini" 1653
"../../../Engine/Config/Mac/DataDrivenPlatformInfo.ini" 1654
"../../../Engine/Config/TVOS/DataDrivenPlatformInfo.ini" 1655
"../../../Engine/Config/Unix/DataDrivenPlatformInfo.ini" 1656
"../../../Engine/Config/VulkanPC/DataDrivenPlatformInfo.ini" 1657
"../../../Engine/Config/Windows/DataDrivenPlatformInfo.ini" 1658
"../../../Engine/DerivedDataCache/Compressed.ddp" 1659
"C:/Users/?????????/AppData/Local/UnrealEngine/Common/DerivedDataCache/TestData/0/TestData_4kb.dat" 1660
"C:/Users/?????????/AppData/Local/UnrealEngine/Common/DerivedDataCache/TestData/1/TestData_4kb.dat" 1661
"C:/Users/?????????/AppData/Local/UnrealEngine/Common/DerivedDataCache/TestData/0/TestData_8kb.dat" 1662
"C:/Users/?????????/AppData/Local/UnrealEngine/Common/DerivedDataCache/TestData/1/TestData_8kb.dat" 1663
"C:/Users/?????????/AppData/Local/UnrealEngine/Common/DerivedDataCache/TestData/0/TestData_16kb.dat" 1664
"C:/Users/?????????/AppData/Local/UnrealEngine/Common/DerivedDataCache/TestData/1/TestData_16kb.dat" 1665
"C:/Users/?????????/AppData/Local/UnrealEngine/Common/DerivedDataCache/TestData/0/TestData_64kb.dat" 1666
"C:/Users/?????????/AppData/Local/UnrealEngine/Common/DerivedDataCache/TestData/1/TestData_64kb.dat" 1667
"C:/Users/?????????/AppData/Local/UnrealEngine/Common/DerivedDataCache/TestData/0/TestData_128kb.dat" 1668
"C:/Users/?????????/AppData/Local/UnrealEngine/Common/DerivedDataCache/TestData/1/TestData_128kb.dat" 1669
"C:/Users/?????????/AppData/Local/UnrealEngine/Common/DerivedDataCache/TestData/0/TestData_256kb.dat" 1670
"C:/Users/?????????/AppData/Local/UnrealEngine/Common/DerivedDataCache/TestData/1/TestData_256kb.dat" 1671
"../../../Engine/Plugins/FX/Niagara/Shaders/Private/NiagaraSpriteVertexFactory.ush" 1672
"../../../Engine/Shaders/Private/VertexFactoryCommon.ush" 1673
"../../../Engine/Shaders/Private/Common.ush" 1674
"../../../Engine/Shaders/Public/Platform.ush" 1675
"../../../Engine/Shaders/Public/FP16Math.ush" 1676
"../../../Engine/Shaders/Public/Platform/D3D/D3DCommon.ush" 1677
"../../../Engine/Shaders/Public/BindlessResources.ush" 1678
"../../../Engine/Shaders/Public/ShaderVersion.ush" 1679
"../../../Engine/Shaders/Private/GeneratedUniformBufferTypes.ush" 1680
"../../../Engine/Shaders/Private/Nanite/NanitePackedNaniteView.ush" 1681
"../../../Engine/Shaders/Private/HairStrands/HairStrandsVisibilityCommonStruct.ush" 1682
"../../../Engine/Shaders/Private/HairStrands/HairStrandsVoxelPageCommonStruct.ush" 1683
"../../../Engine/Shaders/Private/HairStrands/HairStrandsDeepShadowCommonStruct.ush" 1684
"../../../Engine/Shaders/Private/CommonViewUniformBuffer.ush" 1685
"../../../Engine/Shaders/Private/LargeWorldCoordinates.ush" 1686
"../../../Engine/Shaders/Private/LWCOperations.ush" 1687
"../../../Engine/Shaders/Private/InstancedStereo.ush" 1688
"../../../Engine/Shaders/Private/Definitions.usf" 1689
"../../../Engine/Shaders/Private/AssertionMacros.ush" 1690
"../../../Engine/Shaders/Private/FastMath.ush" 1691
"../../../Engine/Shaders/Private/FastMathThirdParty.ush" 1692
"../../../Engine/Shaders/Private/Random.ush" 1693
"../../../Engine/Shaders/Private/SceneData.ush" 1694
"../../../Engine/Shaders/Private/OctahedralCommon.ush" 1695
"../../../Engine/Shaders/Private/ParticleVertexFactoryCommon.ush" 1696
"../../../Engine/Plugins/FX/Niagara/Shaders/Private/NiagaraVFCommon.usf" 1697
"../../../Engine/Plugins/FX/Niagara/Shaders/Private/NiagaraVFParticleAccess.usf" 1698
"../../../Engine/Plugins/FX/Niagara/Shaders/Private/NiagaraParticleAccess.ush" 1699
"../../../Engine/Shaders/Private/VertexFactoryDefaultInterface.ush" 1700
"../../../Engine/Plugins/FX/Niagara/Shaders/Private/NiagaraRibbonVertexFactory.ush" 1701
"../../../Engine/Plugins/FX/Niagara/Shaders/Private/NiagaraMeshVertexFactory.ush" 1702
"../../../Engine/Plugins/FX/Niagara/Shaders/Private/NiagaraCommon.ush" 1703
"../../../Engine/Plugins/FX/Niagara/Shaders/Private/NiagaraMeshParticleUtils.ush" 1704
"../../../Engine/Shaders/Private/RayTracing/RayTracingCommon.ush" 1705
"../../../Engine/Shaders/Private/ShadingCommon.ush" 1706
"../../../Engine/Shaders/Shared/RayTracingDefinitions.h" 1707
"../../../Engine/Shaders/Private/Strata/Strata.ush" 1708
"../../../Engine/Shaders/Private/ShadingEnergyConservation.ush" 1709
"../../../Engine/Shaders/Private/ShadingEnergyConservationTemplate.ush" 1710
"../../../Engine/Shaders/Private/BRDF.ush" 1711
"../../../Engine/Shaders/Private/ColorSpace.ush" 1712
"../../../Engine/Shaders/Private/DeferredShadingCommon.ush" 1713
"../../../Engine/Shaders/Private/LightAccumulator.ush" 1714
"../../../Engine/Shaders/Private/SceneTexturesCommon.ush" 1715
"../../../Engine/Shaders/Private/MonteCarlo.ush" 1716
"../../../Engine/Shaders/Private/GBufferHelpers.ush" 1717
"../../../Engine/Shaders/Private/SceneTextureParameters.ush" 1718
"D:/GitHub/UnealStudy/UnrealBuildSystem/Intermediate/ShaderAutogen/PCD3D_SM5/AutogenShaderHeaders.ush" 1719
"../../../Engine/Shaders/Private/ParticipatingMediaCommon.ush" 1720
"../../../Engine/Shaders/Private/ThinFilmBSDF.ush" 1721
"../../../Engine/Shaders/Private/MortonCode.ush" 1722
"../../../Engine/Shaders/Private/SubsurfaceProfileCommon.ush" 1723
"../../../Engine/Shaders/Private/BurleyNormalizedSSSCommon.ush" 1724
"../../../Engine/Shaders/Shared/StrataDefinitions.h" 1725
"../../../Engine/Shaders/Private/Strata/StrataStatisticalOperators.ush" 1726
"../../../Engine/Shaders/Private/PositionReconstructionCommon.ush" 1727
"../../../Engine/Shaders/Private/RayTracing/RayTracingHitGroupCommon.ush" 1728
"../../../Engine/Shaders/Shared/RayTracingBuiltInResources.h" 1729
"../../../Engine/Shaders/Private/VectorFieldVisualizationVertexFactory.ush" 1730
"../../../Engine/Shaders/Private/Nanite/NaniteVertexFactory.ush" 1731
"../../../Engine/Shaders/Private/LightmapData.ush" 1732
"../../../Engine/Shaders/Private/Nanite/NaniteDataDecode.ush" 1733
"../../../Engine/Shaders/Private/BitPacking.ush" 1734
"../../../Engine/Shaders/Private/BitStreamReaderImplementation.ush" 1735
"../../../Engine/Shaders/Shared/NaniteDefinitions.h" 1736
"../../../Engine/Shaders/Private/Nanite/NaniteAttributeDecode.ush" 1737
"../../../Engine/Shaders/Public/WaveBroadcastIntrinsics.ush" 1738
"../../../Engine/Shaders/Private/ParticleSpriteVertexFactory.ush" 1739
"../../../Engine/Shaders/Private/ParticleGPUSpriteVertexFactory.ush" 1740
"../../../Engine/Shaders/Private/ParticleBeamTrailVertexFactory.ush" 1741
"../../../Engine/Shaders/Private/MeshParticleVertexFactory.ush" 1742
"../../../Engine/Shaders/Private/LocalVertexFactory.ush" 1743
"../../../Engine/Shaders/Private/LocalVertexFactoryCommon.ush" 1744
"../../../Engine/Shaders/Private/GpuSkinCommon.ush" 1745
"../../../Engine/Shaders/Private/GpuSkinVertexFactory.ush" 1746
"../../../Engine/Shaders/Private/GeometryCollectionVertexFactory.ush" 1747
"../../../Engine/Shaders/Private/GeometryCacheVertexFactory.ush" 1748
"../../../Engine/Shaders/Private/LandscapeVertexFactory.ush" 1749
"../../../Engine/Plugins/Media/WmfMedia/Shaders/Private/MediaHardwareVideoDecoding.usf" 1750
"../../../Engine/Shaders/Private/GammaCorrectionCommon.ush" 1751
"../../../Engine/Shaders/Private/ColorUtils.ush" 1752
"../../../Engine/Plugins/Media/ImgMedia/Shaders/Private/ExrSwizzler.usf" 1753
"../../../Engine/Plugins/Enterprise/GLTFExporter/Shaders/Private/SimpleTexture2DPS.usf" 1754
"../../../Engine/Shaders/Private/SimpleElementNormalMapPixelShader.usf" 1755
"../../../Engine/Plugins/Enterprise/GLTFExporter/Shaders/Private/CubemapFacePS.usf" 1756
"../../../Engine/Plugins/Enterprise/GLTFExporter/Shaders/Private/CombinedTexturePS.usf" 1757
"../../../Engine/Plugins/FX/Niagara/Shaders/Private/NiagaraFillIntBuffer.usf" 1758
"../../../Engine/Plugins/FX/Niagara/Shaders/Private/NiagaraComputeFreeIDs.usf" 1759
"../../../Engine/Plugins/FX/Niagara/Shaders/Private/NiagaraInitFreeIDBuffer.usf" 1760
"../../../Engine/Plugins/FX/Niagara/Shaders/Private/NiagaraEmitterInstanceShader.usf" 1761
"../../../Engine/Plugins/FX/Niagara/Shaders/Private/NiagaraShaderVersion.ush" 1762
"../../../Engine/Shaders/Private/DistanceField/GlobalDistanceFieldShared.ush" 1763
"../../../Engine/Plugins/FX/Niagara/Shaders/Private/NiagaraPhysicsCommon.ush" 1764
"../../../Engine/Plugins/FX/Niagara/Shaders/Private/Ribbons/NiagaraRibbonGenerateIndices.usf" 1765
"../../../Engine/Plugins/FX/Niagara/Shaders/Private/Ribbons/NiagaraRibbonCommon.ush" 1766
"../../../Engine/Plugins/FX/Niagara/Shaders/Private/Ribbons/NiagaraRibbonInitializeIndices.usf" 1767
"../../../Engine/Plugins/FX/Niagara/Shaders/Private/Ribbons/NiagaraRibbonRibbonUVParamCalculation.usf" 1768
"../../../Engine/Plugins/FX/Niagara/Shaders/Private/Ribbons/NiagaraRibbonVertexReductionFinalization.usf" 1769
"../../../Engine/Plugins/FX/Niagara/Shaders/Private/Ribbons/NiagaraRibbonVertexReductionPropagation.usf" 1770
"../../../Engine/Plugins/FX/Niagara/Shaders/Private/Ribbons/NiagaraRibbonVertexReductionInitialization.usf" 1771
"../../../Engine/Plugins/FX/Niagara/Shaders/Private/Ribbons/NiagaraRibbonSortParticles.usf" 1772
"../../../Engine/Plugins/FX/Niagara/Shaders/Private/NiagaraUpdateMeshGPUSceneInstances.usf" 1773
"../../../Engine/Shaders/Private/ComputeShaderUtils.ush" 1774
"../../../Engine/Shaders/Private/GPUScene/GPUSceneWriter.ush" 1775
"../../../Engine/Plugins/FX/Niagara/Shaders/Private/NiagaraGenerateMips.usf" 1776
"../../../Engine/Plugins/FX/Niagara/Shaders/Private/NiagaraDebugDraw.usf" 1777
"../../../Engine/Plugins/FX/Niagara/Shaders/Private/NiagaraDebugDraw.ush" 1778
"../../../Engine/Plugins/FX/Niagara/Shaders/Private/NiagaraVisualizeTexture.usf" 1779
"../../../Engine/Plugins/FX/Niagara/Shaders/Private/NiagaraClearCounts.usf" 1780
"../../../Engine/Plugins/FX/Niagara/Shaders/Private/NiagaraBatchedElements.usf" 1781
"../../../Engine/Plugins/FX/Niagara/Shaders/Private/NiagaraRayTracingShaders.usf" 1782
"../../../Engine/Plugins/FX/Niagara/Shaders/Private/NiagaraAsyncGpuTraceCommon.ush" 1783
"../../../Engine/Shaders/Private/HashTable.ush" 1784
"../../../Engine/Shaders/Private/Hash.ush" 1785
"../../../Engine/Shaders/Private/RayTracing/VFXTraceRay.ush" 1786
"../../../Engine/Plugins/FX/Niagara/Shaders/Private/NiagaraRayMarchingShaders.usf" 1787
"../../../Engine/Plugins/FX/Niagara/Shaders/Private/NiagaraRayTraceCollisionGroupShaders.usf" 1788
"../../../Engine/Plugins/FX/Niagara/Shaders/Private/NiagaraAsyncGpuTraceUtils.usf" 1789
"../../../Engine/Plugins/FX/Niagara/Shaders/Private/NiagaraSortKeyGen.usf" 1790
"../../../Engine/Plugins/FX/Niagara/Shaders/Private/NiagaraGPURayTracingTransforms.usf" 1791
"../../../Engine/Plugins/FX/Niagara/Shaders/Private/NiagaraDrawIndirectArgsGen.usf" 1792
"../../../Engine/Shaders/Private/SlateElementPixelShader.usf" 1793
"../../../Engine/Shaders/Private/SlateShaderCommon.ush" 1794
"../../../Engine/Shaders/Private/MaterialTemplate.ush" 1795
"../../../Engine/Shaders/Private/EyeAdaptationCommon.ush" 1796
"../../../Engine/Shaders/Private/SobolRandom.ush" 1797
"../../../Engine/Shaders/Private/DepthOfFieldCommon.ush" 1798
"../../../Engine/Shaders/Private/CircleDOFCommon.ush" 1799
"../../../Engine/Shaders/Private/PhysicsFieldSampler.ush" 1800
"../../../Engine/Shaders/Private/PhysicsFieldShared.ush" 1801
"../../../Engine/Shaders/Private/HairShadingCommon.ush" 1802
"../../../Engine/Shaders/Private/HairStrands/HairCardsAttributeCommon.ush" 1803
"../../../Engine/Shaders/Private/HairStrands/HairStrandsVertexFactoryCommon.ush" 1804
"../../../Engine/Shaders/Private/HairStrands/HairStrandsAttributeCommon.ush" 1805
"../../../Engine/Shaders/Private/SpeedTreeCommon.ush" 1806
"../../../Engine/Shaders/Private/VirtualTextureCommon.ush" 1807
"../../../Engine/Shaders/Private/MaterialTexture.ush" 1808
"../../../Engine/Shaders/Private/MinMaterialTexCoords.ush" 1809
"../../../Engine/Shaders/Private/SkyAtmosphereCommon.ush" 1810
"../../../Engine/Shaders/Private/SingleLayerWaterCommon.ush" 1811
"../../../Engine/Shaders/Private/TextureSampling.ush" 1812
"../../../Engine/Shaders/Private/PaniniProjection.ush" 1813
"../../../Engine/Shaders/Private/DBufferNormalReprojection.ush" 1814
"../../../Engine/Shaders/Private/Strata/StrataTree.ush" 1815
"../../../Engine/Shaders/Private/Strata/StrataEvaluation.ush" 1816
"../../../Engine/Shaders/Private/SHCommon.ush" 1817
"../../../Engine/Shaders/Private/ShadingModels.ush" 1818
"../../../Engine/Shaders/Private/CapsuleLight.ush" 1819
"../../../Engine/Shaders/Private/RectLight.ush" 1820
"../../../Engine/Shaders/Private/AreaLightCommon.ush" 1821
"../../../Engine/Shaders/Private/TransmissionCommon.ush" 1822
"../../../Engine/Shaders/Private/HairBsdf.ush" 1823
"../../../Engine/Shaders/Private/MobileGGX.ush" 1824
"../../../Engine/Shaders/Private/ShadingModelsSampling.ush" 1825
"../../../Engine/Shaders/Private/HairStrands/HairBsdfSample.ush" 1826
"../../../Engine/Shaders/Private/HairStrands/HairStrandsCommon.ush" 1827
"../../../Engine/Shaders/Private/HairStrands/HairStrandsDeepTransmittanceCommon.ush" 1828
"../../../Engine/Shaders/Private/HairStrands/HairStrandsDeepTransmittanceDualScattering.ush" 1829
"../../../Engine/Shaders/Private/Strata/StrataLegacyConversion.ush" 1830
"../../../Engine/Shaders/Private/DBufferDecalShared.ush" 1831
"../../../Engine/Shaders/Private/CompositeUIPixelShader.usf" 1832
"../../../Engine/Shaders/Private/TonemapCommon.ush" 1833
"../../../Engine/Shaders/Private/ACES.ush" 1834
"../../../Engine/Shaders/Private/ColorDeficiency.ush" 1835
"../../../Engine/Shaders/Private/SlateMaskingShader.usf" 1836
"../../../Engine/Shaders/Private/SlatePostProcessColorDeficiencyPixelShader.usf" 1837
"../../../Engine/Shaders/Private/SlatePostProcessPixelShader.usf" 1838
"../../../Engine/Shaders/Private/SlateVertexShader.usf" 1839
"../../../Engine/Shaders/Private/TranslucentLightingShaders.usf" 1840
"../../../Engine/Shaders/Private/ShadowProjectionCommon.ush" 1841
"../../../Engine/Shaders/Private/CubemapCommon.ush" 1842
"../../../Engine/Shaders/Private/VectorFieldCompositeShaders.usf" 1843
"../../../Engine/Shaders/Private/UpdateTextureShaders.usf" 1844
"../../../Engine/Shaders/Private/StereoLayerShader.usf" 1845
"../../../Engine/Shaders/Private/MorphTargets.usf" 1846
"../../../Engine/Shaders/Private/SimpleElementColorChannelMaskPixelShader.usf" 1847
"../../../Engine/Shaders/Private/SimpleElementHitProxyPixelShader.usf" 1848
"../../../Engine/Shaders/Private/SimpleElementPixelShader.usf" 1849
"../../../Engine/Shaders/Private/IESLightProfilesCommon.ush" 1850
"../../../Engine/Shaders/Private/SimpleElementVertexShader.usf" 1851
"../../../Engine/Shaders/Private/ScreenPixelShaderOES.usf" 1852
"../../../Engine/Shaders/Private/ScreenVertexShader.usf" 1853
"../../../Engine/Shaders/Private/ScreenPixelShader.usf" 1854
"../../../Engine/Shaders/Private/SSProfilePreIntegratedMobile.usf" 1855
"../../../Engine/Shaders/Private/Nanite/NaniteClusterCulling.usf" 1856
"../../../Engine/Shaders/Private/Nanite/NaniteCulling.ush" 1857
"../../../Engine/Shaders/Private/Nanite/NaniteHierarchyTraversalCommon.ush" 1858
"../../../Engine/Shaders/Private/Nanite/NaniteHierarchyTraversal.ush" 1859
"../../../Engine/Shaders/Private/WaveOpUtil.ush" 1860
"../../../Engine/Shaders/Private/VirtualShadowMaps/VirtualShadowMapPageOverlap.ush" 1861
"../../../Engine/Shaders/Private/Nanite/NaniteHZBCull.ush" 1862
"../../../Engine/Shaders/Private/VirtualShadowMaps/VirtualShadowMapPageAccessCommon.ush" 1863
"../../../Engine/Shaders/Shared/VirtualShadowMapDefinitions.h" 1864
"../../../Engine/Shaders/Private/VirtualShadowMaps/VirtualShadowMapStaticCaching.ush" 1865
"../../../Engine/Shaders/Private/Nanite/NaniteCullingCommon.ush" 1866
"../../../Engine/Shaders/Private/GPUMessaging.ush" 1867
"../../../Engine/Shaders/Private/Nanite/NaniteTranscode.usf" 1868
"../../../Engine/Shaders/Private/VolumetricLightmapStreaming.usf" 1869
"../../../Engine/Shaders/Private/PhysicsFieldReset.usf" 1870
"../../../Engine/Shaders/Private/PhysicsFieldBuilder.usf" 1871
"../../../Engine/Shaders/Private/PhysicsFieldEval.ush" 1872
"../../../Engine/Shaders/Private/ParticleSortKeyGen.usf" 1873
"../../../Engine/Shaders/Private/ParticleBoundsShader.usf" 1874
"../../../Engine/Shaders/Private/ParticleSimVisualizeShader.usf" 1875
"../../../Engine/Shaders/Private/ParticleInjectionShader.usf" 1876
"../../../Engine/Shaders/Private/ParticleSimulationShader.usf" 1877
"../../../Engine/Shaders/Private/ParticleCurveInjectionShader.usf" 1878
"../../../Engine/Shaders/Private/CopyUIntBuffer.usf" 1879
"../../../Engine/Shaders/Private/RadixSortShaders.usf" 1880
"../../../Engine/Shaders/Private/RecomputeTangentsPerVertexPass.usf" 1881
"../../../Engine/Shaders/Private/RecomputeTangentsCommon.ush" 1882
"../../../Engine/Shaders/Private/RecomputeTangentsPerTrianglePass.usf" 1883
"../../../Engine/Shaders/Private/GpuSkinCacheComputeShader.usf" 1884
"../../../Engine/Shaders/Private/HeightFieldAtlasManagement.usf" 1885
"../../../Engine/Shaders/Private/LandscapePhysicalMaterial.usf" 1886
"../../../Engine/Shaders/Private/LandscapeGrassWeight.usf" 1887
"../../../Engine/Shaders/Private/Landscape/LandscapeLayersWeightmapsPS.usf" 1888
"../../../Engine/Shaders/Private/Landscape/LandscapeLayersHeightmapsPS.usf" 1889
"../../../Engine/Shaders/Private/Landscape/LandscapeCommon.ush" 1890
"../../../Engine/Shaders/Private/LandscapeLayersCS.usf" 1891
"../../../Engine/Shaders/Private/LandscapeLayersPS.usf" 1892
"../../../Engine/Shaders/Private/LandscapeLayersVS.usf" 1893
"../../../Engine/Shaders/Private/Landscape/LandscapeMergeHeightmapsPS.usf" 1894
"../../../Engine/Shaders/Private/WideCustomResolveShaders.usf" 1895
"../../../Engine/Shaders/Private/WideCustomResolve_Wide.ush" 1896
"../../../Engine/Shaders/Private/WideCustomResolve_Wider.ush" 1897
"../../../Engine/Shaders/Private/WideCustomResolve_Widest.ush" 1898
"../../../Engine/Shaders/Private/PageTableUpdate.usf" 1899
"../../../Engine/Shaders/Private/VirtualTextureCompress.usf" 1900
"../../../Engine/Shaders/Private/BlockCompressionCommon.ush" 1901
"../../../Engine/Shaders/Private/BCCompressionCommon.ush" 1902
"../../../Engine/Shaders/Private/ETCCompressionCommon.ush" 1903
"../../../Engine/Shaders/Private/VirtualTextureMaterial.usf" 1904
"../../../Engine/Shaders/Private/PixelShaderOutputCommon.ush" 1905
"../../../Engine/Shaders/Private/ShaderOutputCommon.ush" 1906
"../../../Engine/Shaders/Private/VolumetricRenderTarget.usf" 1907
"../../../Engine/Shaders/Private/VolumetricFogVoxelization.usf" 1908
"../../../Engine/Shaders/Private/VolumetricCloudMaterialPixelCommon.ush" 1909
"../../../Engine/Shaders/Private/VolumetricFogLightFunction.usf" 1910
"../../../Engine/Shaders/Private/LightFunctionCommon.ush" 1911
"../../../Engine/Shaders/Private/VolumetricFog.usf" 1912
"../../../Engine/Shaders/Private/DeferredLightingCommon.ush" 1913
"../../../Engine/Shaders/Private/DynamicLightingCommon.ush" 1914
"../../../Engine/Shaders/Private/CapsuleLightIntegrate.ush" 1915
"../../../Engine/Shaders/Private/CapsuleLightSampling.ush" 1916
"../../../Engine/Shaders/Private/RectLightIntegrate.ush" 1917
"../../../Engine/Shaders/Private/LightGridCommon.ush" 1918
"../../../Engine/Shaders/Private/HeightFogCommon.ush" 1919
"../../../Engine/Shaders/Private/DistanceFieldAOShared.ush" 1920
"../../../Engine/Shaders/Private/VolumeLightingCommon.ush" 1921
"../../../Engine/Shaders/Private/ShadowFilteringCommon.ush" 1922
"../../../Engine/Shaders/Private/PixelQuadMessagePassing.ush" 1923
"../../../Engine/Shaders/Private/VolumeLightingCommonSampling.ush" 1924
"../../../Engine/Shaders/Private/VolumetricLightmapShared.ush" 1925
"../../../Engine/Shaders/Private/ForwardShadowingCommon.ush" 1926
"../../../Engine/Shaders/Private/Lumen/LumenTranslucencyVolumeShared.ush" 1927
"../../../Engine/Shaders/Private/Lumen/LumenRadianceCacheInterpolation.ush" 1928
"../../../Engine/Shaders/Private/VirtualShadowMaps/VirtualShadowMapProjectionCommon.ush" 1929
"../../../Engine/Shaders/Private/VirtualShadowMaps/VirtualShadowMapProjectionStructs.ush" 1930
"../../../Engine/Shaders/Private/VolumetricCloudCommon.ush" 1931
"../../../Engine/Shaders/Private/VolumetricCloud.usf" 1932
"../../../Engine/Shaders/Private/ColorMap.ush" 1933
"../../../Engine/Shaders/Private/ShaderPrint.ush" 1934
"../../../Engine/Shaders/Private/ShaderPrintCommon.ush" 1935
"../../../Engine/Shaders/Private/MiniFontCommon.ush" 1936
"../../../Engine/Shaders/Private/ReflectionEnvironmentShared.ush" 1937
"../../../Engine/Shaders/Private/VisualizeVolumetricLightmap.usf" 1938
"../../../Engine/Shaders/Private/VirtualShadowMaps/VirtualShadowMapProjectionComposite.usf" 1939
"../../../Engine/Shaders/Private/LightShaderParameters.ush" 1940
"../../../Engine/Shaders/Private/VirtualShadowMaps/VirtualShadowMapMaskBitsCommon.ush" 1941
"../../../Engine/Shaders/Private/VirtualShadowMaps/VirtualShadowMapProjection.usf" 1942
"../../../Engine/Shaders/Private/HairStrands/HairStrandsVisibilityCommon.ush" 1943
"../../../Engine/Shaders/Private/Visualization.ush" 1944
"../../../Engine/Shaders/Private/VirtualShadowMaps/VirtualShadowMapProjectionDirectional.ush" 1945
"../../../Engine/Shaders/Private/PathTracing/Utilities/PathTracingRandomSequence.ush" 1946
"../../../Engine/Shaders/Private/VirtualShadowMaps/VirtualShadowMapSMRTCommon.ush" 1947
"../../../Engine/Shaders/Private/VirtualShadowMaps/VirtualShadowMapSMRTTemplate.ush" 1948
"../../../Engine/Shaders/Private/VirtualShadowMaps/VirtualShadowMapProjectionSpot.ush" 1949
"../../../Engine/Shaders/Private/VirtualShadowMaps/VirtualShadowMapTransmissionCommon.ush" 1950
"../../../Engine/Shaders/Private/HairStrands/HairStrandsVoxelPageCommon.ush" 1951
"../../../Engine/Shaders/Private/HairStrands/HairStrandsVoxelPageTraversal.ush" 1952
"../../../Engine/Shaders/Private/VirtualShadowMaps/VirtualShadowMapCacheManagement.usf" 1953
"../../../Engine/Shaders/Private/VirtualShadowMaps/VirtualShadowMapPageCacheCommon.ush" 1954
"../../../Engine/Shaders/Private/ScreenSpaceDenoise/SSDDefinitions.ush" 1955
"../../../Engine/Shaders/Private/InstanceCulling/InstanceCullingLoadBalancer.ush" 1956
"../../../Engine/Shaders/Private/VirtualShadowMaps/VirtualShadowMapCopyStats.usf" 1957
"../../../Engine/Shaders/Private/VirtualShadowMaps/VirtualShadowMapPageManagement.usf" 1958
"../../../Engine/Shaders/Private/HairStrands/HairStrandsTileCommon.ush" 1959
"../../../Engine/Shaders/Private/ReductionCommon.ush" 1960
"../../../Engine/Shaders/Private/VirtualShadowMaps/VirtualShadowMapStats.ush" 1961
"../../../Engine/Shaders/Private/VirtualShadowMaps/VirtualShadowMapBuildPerPageDrawCommands.usf" 1962
"../../../Engine/Shaders/Private/InstanceCulling/InstanceCullingCommon.ush" 1963
"../../../Engine/Shaders/Private/VirtualShadowMaps/VirtualShadowMapPrintStats.usf" 1964
"../../../Engine/Shaders/Private/VirtualShadowMaps/VirtualShadowMapDebug.usf" 1965
"../../../Engine/Shaders/Private/VelocityShader.usf" 1966
"../../../Engine/Shaders/Private/VelocityCommon.ush" 1967
"../../../Engine/Shaders/Private/VariableRateShading.usf" 1968
"../../../Engine/Shaders/Private/TranslucencyUpsampling.usf" 1969
"../../../Engine/Shaders/Private/ScreenPass.ush" 1970
"../../../Engine/Shaders/Private/ComposeSeparateTranslucency.usf" 1971
"../../../Engine/Shaders/Private/SeparateTranslucency.ush" 1972
"../../../Engine/Shaders/Private/TranslucentLightInjectionShaders.usf" 1973
"../../../Engine/Shaders/Private/TranslucentShadowDepthShaders.usf" 1974
"../../../Engine/Shaders/Private/ShadowDepthCommon.ush" 1975
"../../../Engine/Shaders/Private/RayTracing/RayTracingTest.usf" 1976
"../../../Engine/Shaders/Private/PostProcessSubsurfaceTile.usf" 1977
"../../../Engine/Shaders/Private/Strata/StrataVisualize.usf" 1978
"../../../Engine/Shaders/Private/Strata/StrataTile.ush" 1979
"../../../Engine/Shaders/Private/SkyLightingDiffuseShared.ush" 1980
"../../../Engine/Shaders/Private/SkyLightingShared.ush" 1981
"../../../Engine/Shaders/Private/ClearCoatCommon.ush" 1982
"../../../Engine/Shaders/Private/ReflectionEnvironmentComposite.ush" 1983
"../../../Engine/Shaders/Private/Strata/StrataLightingCommon.ush" 1984
"../../../Engine/Shaders/Private/Strata/StrataRoughRefraction.usf" 1985
"../../../Engine/Shaders/Private/PathTracing/Material/PathTracingFresnel.ush" 1986
"../../../Engine/Shaders/Private/PathTracing/Material/PathTracingGlossy.ush" 1987
"../../../Engine/Shaders/Private/Strata/StrataTile.usf" 1988
"../../../Engine/Shaders/Private/Strata/StrataMaterialClassification.usf" 1989
"../../../Engine/Shaders/Private/SkyAtmosphere.usf" 1990
"../../../Engine/Shaders/Private/CopyDepthTexture.usf" 1991
"../../../Engine/Shaders/Private/SingleLayerWaterComposite.usf" 1992
"../../../Engine/Shaders/Private/ShadowProjectionVertexShader.usf" 1993
"../../../Engine/Shaders/Private/ShadowProjectionPixelShader.usf" 1994
"../../../Engine/Shaders/Private/ShadowPercentageCloserFiltering.ush" 1995
"../../../Engine/Shaders/Private/TransmissionThickness.ush" 1996
"../../../Engine/Shaders/Private/CopyShadowMaps.usf" 1997
"../../../Engine/Shaders/Private/ShadowDepthPixelShader.usf" 1998
"../../../Engine/Shaders/Private/ShadowDepthVertexShader.usf" 1999
"../../../Engine/Shaders/Private/ShadingEnergyConservationTable.usf" 2000
"../../../Engine/Shaders/Shared/PathTracingDefinitions.h" 2001
"../../../Engine/Shaders/Private/ShadingFurnaceTest.usf" 2002
"../../../Engine/Shaders/Private/Strata/StrataDeferredLighting.ush" 2003
"../../../Engine/Shaders/Private/ShaderPrintDrawPrimitive.usf" 2004
"../../../Engine/Shaders/Private/ShaderPrintDraw.usf" 2005
"../../../Engine/Shaders/Private/SSRT/SSRTDiffuseIndirect.usf" 2006
"../../../Engine/Shaders/Private/SSRT/SSRTRayCast.ush" 2007
"../../../Engine/Shaders/Private/SSRT/SSRTTileClassificationBuffer.ush" 2008
"../../../Engine/Shaders/Private/SSRT/SSRTReflections.usf" 2009
"../../../Engine/Shaders/Private/ScreenSpaceDenoise/SSDPublic.ush" 2010
"../../../Engine/Shaders/Private/SSRT/SSRTTileClassification.usf" 2011
"../../../Engine/Shaders/Private/SSRT/SSRTPrevFrameReduction.usf" 2012
"../../../Engine/Shaders/Private/ScreenSpaceDenoise/SSDComposeHarmonics.usf" 2013
"../../../Engine/Shaders/Private/ScreenSpaceDenoise/SSDPublicHarmonics.ush" 2014
"../../../Engine/Shaders/Private/ScreenSpaceDenoise/SSDSignalFramework.ush" 2015
"../../../Engine/Shaders/Private/ScreenSpaceDenoise/SSDCommon.ush" 2016
"../../../Engine/Shaders/Private/SphericalGaussian.ush" 2017
"../../../Engine/Shaders/Private/ScreenSpaceDenoise/SSDMetadata.ush" 2018
"../../../Engine/Shaders/Private/ScreenSpaceDenoise/SSDSignalCore.ush" 2019
"../../../Engine/Shaders/Private/ScreenSpaceDenoise/DenoisingCommon.ush" 2020
"../../../Engine/Shaders/Private/ScreenSpaceDenoise/SSDSignalArray.ush" 2021
"../../../Engine/Shaders/Private/ScreenSpaceDenoise/SSDSignalBufferEncoding.ush" 2022
"../../../Engine/Shaders/Private/ScreenSpaceDenoise/SSDPublicBufferEncoding.ush" 2023
"../../../Engine/Shaders/Private/Lumen/LumenBufferEncoding.ush" 2024
"../../../Engine/Shaders/Private/ScreenSpaceDenoise/SSDTemporalAccumulation.usf" 2025
"../../../Engine/Shaders/Private/ScreenSpaceDenoise/SSDSpatialKernel.ush" 2026
"../../../Engine/Shaders/Private/ScreenSpaceDenoise/SSDSignalAccumulatorArray.ush" 2027
"../../../Engine/Shaders/Private/ScreenSpaceDenoise/SSDSignalAccumulator.ush" 2028
"../../../Engine/Shaders/Private/ScreenSpaceDenoise/SSDSignalCompression.ush" 2029
"../../../Engine/Shaders/Private/ScreenSpaceDenoise/SSDSpatialAccumulation.usf" 2030
"../../../Engine/Shaders/Private/ScreenSpaceDenoise/SSDInjest.usf" 2031
"../../../Engine/Shaders/Private/ScreenSpaceDenoise/SSDCompressMetadata.usf" 2032
"../../../Engine/Shaders/Private/DownsampleDepthPixelShader.usf" 2033
"../../../Engine/Shaders/Private/ScreenPass.usf" 2034
"../../../Engine/Shaders/Private/HZB.usf" 2035
"../../../Engine/Shaders/Private/HZBOcclusion.usf" 2036
"../../../Engine/Shaders/Private/OcclusionQueryPixelShader.usf" 2037
"../../../Engine/Shaders/Private/OcclusionQueryVertexShader.usf" 2038
"../../../Engine/Shaders/Private/HitProxyPixelShader.usf" 2039
"../../../Engine/Shaders/Private/HitProxyVertexShader.usf" 2040
"../../../Engine/Shaders/Private/SceneCapturePixelShader.usf" 2041
"../../../Engine/Shaders/Private/RTWriteMaskDecode.usf" 2042
"../../../Engine/Shaders/Private/ReflectionEnvironmentShaders.usf" 2043
"../../../Engine/Shaders/Private/RectLightAtlas.usf" 2044
"../../../Engine/Shaders/Private/RayTracing/TraceRayInlineStatistics.usf" 2045
"../../../Engine/Shaders/Private/RayTracing/TraceRayInlineCommon.ush" 2046
"../../../Engine/Shaders/Private/RayTracing/VisualizeSkyLightMipTreePS.usf" 2047
"../../../Engine/Shaders/Private/RayTracing/MipTreeCommon.ush" 2048
"../../../Engine/Shaders/Private/RayTracing/CompositeSkyLightPS.usf" 2049
"../../../Engine/Shaders/Private/RayTracing/GenerateSkyLightVisibilityRaysCS.usf" 2050
"../../../Engine/Shaders/Private/RayTracing/RayTracingSkyLightCommon.ush" 2051
"../../../Engine/Shaders/Private/RayTracing/SkyLightVisibilityRaysData.ush" 2052
"../../../Engine/Shaders/Private/Raytracing/RaytracingSkylightRGS.usf" 2053
"../../../Engine/Shaders/Private/HairStrands/HairStrandsRaytracing.ush" 2054
"../../../Engine/Shaders/Private/Raytracing/RayTracingSkyLightEvaluation.ush" 2055
"../../../Engine/Shaders/Private/Raytracing/RayTracingDeferredShadingCommon.ush" 2056
"../../../Engine/Shaders/Private/RayTracing/RayTracingOcclusionRGS.usf" 2057
"../../../Engine/Shaders/Private/RayTracing/RayTracingDirectionalLight.ush" 2058
"../../../Engine/Shaders/Private/RayTracing/RayTracingRectLight.ush" 2059
"../../../Engine/Shaders/Private/RayTracing/RayTracingSphereLight.ush" 2060
"../../../Engine/Shaders/Private/RayTracing/RayTracingCapsuleLight.ush" 2061
"../../../Engine/Shaders/Private/RayTracing/SplitImaginaryReflectionGBufferCS.usf" 2062
"../../../Engine/Shaders/Private/RayTracing/RayTracingReflectionsCommon.ush" 2063
"../../../Engine/Shaders/Private/RayTracing/RayTracingReflections.usf" 2064
"../../../Engine/Shaders/Private/RayTracing/RayTracingLightingCommon.ush" 2065
"../../../Engine/Shaders/Private/RayTracing/RayTracingLightCullingCommon.ush" 2066
"../../../Engine/Shaders/Private/RayTracing/RayTracingReflectionEnvironment.ush" 2067
"../../../Engine/Shaders/Private/RayTracing/RayTracingPrimaryRays.usf" 2068
"../../../Engine/Shaders/Private/RayTracing/RayTracingMaterialDefaultHitShaders.usf" 2069
"../../../Engine/Shaders/Private/RayTracing/RayTracingMaterialHitShaders.usf" 2070
"../../../Engine/Shaders/Private/RayTracing/RayTracingCalcInterpolants.ush" 2071
"../../../Engine/Shaders/Private/LightmapCommon.ush" 2072
"../../../Engine/Shaders/Private/Lumen/LumenHardwareRayTracingPayloadCommon.ush" 2073
"../../../Engine/Shaders/Private/Strata/StrataExport.ush" 2074
"../../../Engine/Shaders/Private/RayTracing/RayTracingLightingMS.usf" 2075
"../../../Engine/Shaders/Private/RayTracing/RayTracingLightFunctionCommon.ush" 2076
"../../../Engine/Shaders/Private/RayTracing/GenerateCulledLightListCS.usf" 2077
"../../../Engine/Shaders/Private/Raytracing/RayTracingInstanceBufferUtil.usf" 2078
"../../../Engine/Shaders/Private/RayTracing/RayTracingFinalGatherRGS.usf" 2079
"../../../Engine/Shaders/Private/RayTracing/RayTracingGatherPoints.ush" 2080
"../../../Engine/Shaders/Private/PathTracing/Light/PathTracingLightSampling.ush" 2081
"../../../Engine/Shaders/Private/PathTracing/Light/PathTracingLightCommon.ush" 2082
"../../../Engine/Shaders/Shared/RayTracingTypes.h" 2083
"../../../Engine/Shaders/Private/PathTracing/Light/PathTracingDirectionalLight.ush" 2084
"../../../Engine/Shaders/Private/PathTracing/Light/PathTracingPointLight.ush" 2085
"../../../Engine/Shaders/Private/PathTracing/Light/PathTracingCapsuleLight.ush" 2086
"../../../Engine/Shaders/Private/PathTracing/Light/PathTracingRectLight.ush" 2087
"../../../Engine/Shaders/Private/PathTracing/Light/PathTracingSkyLight.ush" 2088
"../../../Engine/Shaders/Private/PathTracing/Light/PathTracingSpotLight.ush" 2089
"../../../Engine/Shaders/Private/PathTracing/Material/PathTracingMaterialSampling.ush" 2090
"../../../Engine/Shaders/Private/PathTracing/Material/PathTracingMaterialCommon.ush" 2091
"../../../Engine/Shaders/Private/PathTracing/PathTracingCommon.ush" 2092
"../../../Engine/Shaders/Private/PathTracing/Material/PathTracingLambert.ush" 2093
"../../../Engine/Shaders/Private/PathTracing/Material/PathTracingRadianceProbe.ush" 2094
"../../../Engine/Shaders/Private/PathTracing/Material/FirstBounceRayGuidingCommon.ush" 2095
"../../../Engine/Shaders/Private/PathTracing/Material/PathTracingSpecularReflection.ush" 2096
"../../../Engine/Shaders/Private/PathTracing/Material/PathTracingSpecularTransmission.ush" 2097
"../../../Engine/Shaders/Private/PathTracing/Material/PathTracingSolidGlass.ush" 2098
"../../../Engine/Shaders/Private/PathTracing/Material/PathTracingEnergyConservation.ush" 2099
"../../../Engine/Shaders/Private/PathTracing/Material/PathTracingThinGlass.ush" 2100
"../../../Engine/Shaders/Private/PathTracing/Material/PathTracingDefaultLit.ush" 2101
"../../../Engine/Shaders/Private/PathTracing/Material/PathTracingClearCoat.ush" 2102
"../../../Engine/Shaders/Private/PathTracing/Material/PathTracingTwoSidedFoliage.ush" 2103
"../../../Engine/Shaders/Private/PathTracing/Material/PathTracingCloth.ush" 2104
"../../../Engine/Shaders/Private/PathTracing/Material/PathTracingSubsurfaceProfile.ush" 2105
"../../../Engine/Shaders/Private/PathTracing/Material/PathTracingEye.ush" 2106
"../../../Engine/Shaders/Private/PathTracing/Material/PathTracingHair.ush" 2107
"../../../Engine/Shaders/Private/PathTracing/Material/PathTracingMedium.ush" 2108
"../../../Engine/Shaders/Private/RayTracing/RayTracingCreateGatherPointsRGS.usf" 2109
"../../../Engine/Shaders/Private/RayTracing/RayTracingGlobalIlluminationRGS.usf" 2110
"../../../Engine/Shaders/Private/RayTracing/RayTracingDynamicMesh.usf" 2111
"../../../Engine/Shaders/Private/RayTracing/RayTracingDeferredReflections.usf" 2112
"../../../Engine/Shaders/Private/RayTracing/RayTracingDeferredMaterials.ush" 2113
"../../../Engine/Shaders/Shared/ThirdParty/AMD/ags_shader_intrinsics_dx12.h" 2114
"../../../Engine/Shaders/Private/RayTracing/RayTracingDeferredReflections.ush" 2115
"../../../Engine/Shaders/Private/RayTracing/RayTracingReflectionResolve.usf" 2116
"../../../Engine/Shaders/Private/RayTracing/RayTracingReflectionsGenerateRaysCS.usf" 2117
"../../../Engine/Shaders/Private/RayTracing/MaterialSort.usf" 2118
"../../../Engine/Shaders/Private/RayTracing/RayTracingDeferredMaterials.usf" 2119
"../../../Engine/Shaders/Private/RayTracing/RayTracingDecalMaterialShader.usf" 2120
"../../../Engine/Shaders/Private/RayTracing/RayTracingBuildDecalGrid.usf" 2121
"../../../Engine/Shaders/Private/RayTracing/RayTracingDebug.usf" 2122
"../../../Engine/Shaders/Shared/RayTracingDebugDefinitions.h" 2123
"../../../Engine/Shaders/Shared/RayTracingDebugTypes.h" 2124
"../../../Engine/Shaders/Private/RayTracing/RayTracingDebugTraversal.usf" 2125
"../../../Engine/Shaders/Private/Nanite/NaniteRayTrace.ush" 2126
"../../../Engine/Shaders/Shared/ThirdParty/RayTriangleIntersection.h" 2127
"../../../Engine/Shaders/Private/RayTracing/TraceRayInline.ush" 2128
"../../../Engine/Shaders/Private/RayTracing/TraceRayInlineVulkan.ush" 2129
"../../../Engine/Shaders/Private/RayTracing/RayTracingBarycentrics.usf" 2130
"../../../Engine/Shaders/Private/RayTracing/RayTracingAmbientOcclusionRGS.usf" 2131
"../../../Engine/Shaders/Private/VisualizeShadingModels.usf" 2132
"../../../Engine/Shaders/Private/PostProcessCommon.ush" 2133
"../../../Engine/Shaders/Private/MotionBlur/VisualizeMotionVectors.usf" 2134
"../../../Engine/Shaders/Private/TemporalSuperResolution/TSRDebugHistory.usf" 2135
"../../../Engine/Shaders/Private/TemporalSuperResolution/TSRCommon.ush" 2136
"../../../Engine/Shaders/Public/DualPixelVectorization.ush" 2137
"../../../Engine/Shaders/Private/TemporalSuperResolution/TSRResolveHistory.usf" 2138
"../../../Engine/Shaders/Private/TemporalSuperResolution/TSRUpdateHistory.usf" 2139
"../../../Engine/Shaders/Private/TemporalSuperResolution/TSRFilterAntiAliasing.usf" 2140
"../../../Engine/Shaders/Private/TemporalSuperResolution/TSRSpatialAntiAliasing.usf" 2141
"../../../Engine/Shaders/Private/TemporalSuperResolution/TSRRejectShading.usf" 2142
"../../../Engine/Shaders/Public/LaneVectorization.ush" 2143
"../../../Engine/Shaders/Private/TemporalSuperResolution/TSRCompareTranslucency.usf" 2144
"../../../Engine/Shaders/Private/TemporalSuperResolution/TSRDecimateHistory.usf" 2145
"../../../Engine/Shaders/Private/TemporalSuperResolution/TSRDilateVelocity.usf" 2146
"../../../Engine/Shaders/Private/MotionBlur/MotionBlurVelocityFlatten.ush" 2147
"../../../Engine/Shaders/Private/MotionBlur/MotionBlurCommon.ush" 2148
"../../../Engine/Shaders/Private/TemporalSuperResolution/TSRClearPrevTextures.usf" 2149
"../../../Engine/Shaders/Private/TemporalSuperResolution/TSRComputeMoireLuma.usf" 2150
"../../../Engine/Shaders/Private/TemporalAA.usf" 2151
"../../../Engine/Shaders/Private/FilterPixelShader.usf" 2152
"../../../Engine/Shaders/Private/FilterVertexShader.usf" 2153
"../../../Engine/Shaders/Private/PostProcessVisualizeBuffer.usf" 2154
"../../../Engine/Shaders/Private/PostProcessVisualizeLocalExposure.usf" 2155
"../../../Engine/Shaders/Private/PostProcessHistogramCommon.ush" 2156
"../../../Engine/Shaders/Private/PostProcessVisualizeLevelInstance.usf" 2157
"../../../Engine/Shaders/Private/PostProcessVisualizeHDR.usf" 2158
"../../../Engine/Shaders/Private/ShaderComplexityApplyPixelShader.usf" 2159
"../../../Engine/Shaders/Private/QuadOverdraw.ush" 2160
"../../../Engine/Shaders/Private/PostProcessUpscale.usf" 2161
"../../../Engine/Shaders/Private/PostProcessTonemap.usf" 2162
"../../../Engine/Shaders/Private/PostProcessing/FilmGrainPackConstants.usf" 2163
"../../../Engine/Shaders/Private/PostProcessing/FilmGrainReduce.usf" 2164
"../../../Engine/Shaders/Private/PostProcessTestImage.usf" 2165
"../../../Engine/Shaders/Private/PostProcessSubsurface.usf" 2166
"../../../Engine/Shaders/Private/SeparableSSS.ush" 2167
"../../../Engine/Shaders/Private/SubsurfaceBurleyNormalized.ush" 2168
"../../../Engine/Shaders/Private/PostProcessSelectionOutline.usf" 2169
"../../../Engine/Shaders/Private/PostProcessPixelProjectedReflectionMobile.usf" 2170
"../../../Engine/Shaders/Private/MotionBlur/MotionBlurVisualize.usf" 2171
"../../../Engine/Shaders/Private/MotionBlur/MotionBlurApply.usf" 2172
"../../../Engine/Shaders/Private/MotionBlur/MotionBlurFilterTileClassify.usf" 2173
"../../../Engine/Shaders/Private/MotionBlur/MotionBlurTileScatter.usf" 2174
"../../../Engine/Shaders/Private/MotionBlur/MotionBlurTileGather.usf" 2175
"../../../Engine/Shaders/Private/MotionBlur/MotionBlurVelocityFlatten.usf" 2176
"../../../Engine/Shaders/Private/PostProcessMobile.usf" 2177
"../../../Engine/Shaders/Private/PostProcessMitchellNetravali.usf" 2178
"../../../Engine/Shaders/Private/PostProcessMaterialShaders.usf" 2179
"../../../Engine/Shaders/Private/PostProcessLocalExposure.usf" 2180
"../../../Engine/Shaders/Private/PostProcessLensFlares.usf" 2181
"../../../Engine/Shaders/Private/PostProcessHMD.usf" 2182
"../../../Engine/Shaders/Private/Histogram.usf" 2183
"../../../Engine/Shaders/Private/PostProcessHistogramReduce.usf" 2184
"../../../Engine/Shaders/Private/PostProcessHistogram.usf" 2185
"../../../Engine/Shaders/Private/PostProcessGBufferHints.usf" 2186
"../../../Engine/Shaders/Private/Bloom/BloomFinalizeApplyConstants.usf" 2187
"../../../Engine/Shaders/Private/Bloom/BloomCommon.ush" 2188
"../../../Engine/Shaders/Private/Bloom/BloomResizeKernel.usf" 2189
"../../../Engine/Shaders/Private/Bloom/BloomClampKernel.usf" 2190
"../../../Engine/Shaders/Private/Bloom/BloomPackKernelConstants.usf" 2191
"../../../Engine/Shaders/Private/Bloom/BloomSumScatterDispersionEnergy.usf" 2192
"../../../Engine/Shaders/Private/Bloom/BloomReduceKernelSurvey.usf" 2193
"../../../Engine/Shaders/Private/Bloom/BloomSurveyKernelCenterEnergy.usf" 2194
"../../../Engine/Shaders/Private/Bloom/BloomSurveyMaxScatterDispersion.usf" 2195
"../../../Engine/Shaders/Private/Bloom/BloomFindKernelCenter.usf" 2196
"../../../Engine/Shaders/Private/PostProcessEyeAdaptation.usf" 2197
"../../../Engine/Shaders/Private/PostProcessDownsample.usf" 2198
"../../../Engine/Shaders/Private/PostProcessDOF.usf" 2199
"../../../Engine/Shaders/Private/PostProcessDeviceEncodingOnly.usf" 2200
"../../../Engine/Shaders/Private/PostProcessCompositeEditorPrimitives.usf" 2201
"../../../Engine/Shaders/Private/PostProcessCombineLUTs.usf" 2202
"../../../Engine/Shaders/Private/PostProcessVisualizeDOF.usf" 2203
"../../../Engine/Shaders/Private/PostProcessBloom.usf" 2204
"../../../Engine/Shaders/Private/PostProcessAmbientOcclusionMobile.usf" 2205
"../../../Engine/Shaders/Private/PostProcessAmbientOcclusionCommon.ush" 2206
"../../../Engine/Shaders/Private/FXAAShader.usf" 2207
"../../../Engine/Shaders/Private/Fxaa3_11.ush" 2208
"../../../Engine/Shaders/Private/DiaphragmDOF/DOFRecombine.usf" 2209
"../../../Engine/Shaders/Private/DiaphragmDOF/DOFCommon.ush" 2210
"../../../Engine/Shaders/Private/DiaphragmDOF/DOFHybridScatterPixelShader.usf" 2211
"../../../Engine/Shaders/Private/DiaphragmDOF/DOFHybridScatterCommon.ush" 2212
"../../../Engine/Shaders/Private/DiaphragmDOF/DOFHybridScatterVertexShader.usf" 2213
"../../../Engine/Shaders/Private/DiaphragmDOF/DOFPostfiltering.usf" 2214
"../../../Engine/Shaders/Private/DiaphragmDOF/DOFGatherTileSuggest.ush" 2215
"../../../Engine/Shaders/Private/DiaphragmDOF/DOFCocTileCommon.ush" 2216
"../../../Engine/Shaders/Private/DiaphragmDOF/DOFGatherPass.usf" 2217
"../../../Engine/Shaders/Private/DiaphragmDOF/DOFGatherCommon.ush" 2218
"../../../Engine/Shaders/Private/DiaphragmDOF/DOFGatherAccumulator.ush" 2219
"../../../Engine/Shaders/Private/DiaphragmDOF/DOFGatherKernel.ush" 2220
"../../../Engine/Shaders/Private/DiaphragmDOF/DOFBokehLUT.usf" 2221
"../../../Engine/Shaders/Private/DiaphragmDOF/DOFHybridScatterCompilation.usf" 2222
"../../../Engine/Shaders/Private/DiaphragmDOF/DOFReduce.usf" 2223
"../../../Engine/Shaders/Private/DiaphragmDOF/DOFDownsample.ush" 2224
"../../../Engine/Shaders/Private/DiaphragmDOF/DOFHybridScatterCompilation.ush" 2225
"../../../Engine/Shaders/Private/DiaphragmDOF/DOFDownsample.usf" 2226
"../../../Engine/Shaders/Private/DiaphragmDOF/DOFCocTileDilate.usf" 2227
"../../../Engine/Shaders/Private/DiaphragmDOF/DOFCocTileFlatten.usf" 2228
"../../../Engine/Shaders/Private/DiaphragmDOF/DOFSetup.usf" 2229
"../../../Engine/Shaders/Private/PlanarReflectionShaders.usf" 2230
"../../../Engine/Shaders/Private/PlanarReflectionShared.ush" 2231
"../../../Engine/Shaders/Private/PhysicsFieldVisualizer.usf" 2232
"../../../Engine/Shaders/Private/PathTracing/PathTracingSpatialTemporalDenoising.usf" 2233
"../../../Engine/Shaders/Private/ColorDifference.ush" 2234
"../../../Engine/Shaders/Private/PathTracing/PathTracingCompositingPixelShader.usf" 2235
"../../../Engine/Shaders/Private/PathTracing/PathTracingMaterialHitShader.usf" 2236
"../../../Engine/Shaders/Private/PathTracing/PathTracingLightingMissShader.usf" 2237
"../../../Engine/Shaders/Private/PathTracing/PathTracingMissShader.usf" 2238
"../../../Engine/Shaders/Private/PathTracing/PathTracingBuildAtmosphereLUT.usf" 2239
"../../../Engine/Shaders/Private/PathTracing/Volume/PathTracingAtmosphereCommon.ush" 2240
"../../../Engine/Shaders/Private/PathTracing/PathTracingSwizzleScanlines.usf" 2241
"../../../Engine/Shaders/Private/PathTracing/PathTracingIESAtlas.usf" 2242
"../../../Engine/Shaders/Private/PathTracing/PathTracingInitExtinctionCoefficient.usf" 2243
"../../../Engine/Shaders/Private/PathTracing/PathTracing.usf" 2244
"../../../Engine/Shaders/Private/PathTracing/PathTracingCore.ush" 2245
"../../../Engine/Shaders/Private/RayTracing/RayTracingDecalGrid.ush" 2246
"../../../Engine/Shaders/Private/PathTracing/Utilities/PathTracingRIS.ush" 2247
"../../../Engine/Shaders/Private/PathTracing/Light/PathTracingLightGrid.ush" 2248
"../../../Engine/Shaders/Private/PathTracing/Volume/PathTracingVolume.ush" 2249
"../../../Engine/Shaders/Private/PathTracing/Volume/PathTracingVolumeCommon.ush" 2250
"../../../Engine/Shaders/Private/PathTracing/Volume/PathTracingAtmosphere.ush" 2251
"../../../Engine/Shaders/Private/DoubleWordMath.ush" 2252
"../../../Engine/Shaders/Private/PathTracing/Volume/PathTracingFog.ush" 2253
"../../../Engine/Shaders/Private/PathTracing/Volume/PathTracingVolumeSampling.ush" 2254
"../../../Engine/Shaders/Private/PathTracing/PathTracingBuildLightGrid.usf" 2255
"../../../Engine/Shaders/Private/PathTracing/PathTracingSkylightMISCompensation.usf" 2256
"../../../Engine/Shaders/Private/PathTracing/PathTracingSkylightPrepare.usf" 2257
"../../../Engine/Shaders/Private/OIT/OITSorting.usf" 2258
"../../../Engine/Shaders/Private/OITCombine.usf" 2259
"../../../Engine/Shaders/Private/OITCommon.ush" 2260
"../../../Engine/Shaders/Private/HTileVisualize.usf" 2261
"../../../Engine/Shaders/Private/HTileEncoding.ush" 2262
"../../../Engine/Shaders/Private/Nanite/NaniteDebugViews.usf" 2263
"../../../Engine/Shaders/Private/Nanite/NaniteMaterialComplexity.usf" 2264
"../../../Engine/Shaders/Private/Nanite/NaniteVisualize.usf" 2265
"../../../Engine/Shaders/Private/Nanite/NaniteStreamOut.usf" 2266
"../../../Engine/Shaders/Private/Nanite/NaniteMaterialCulling.usf" 2267
"../../../Engine/Shaders/Private/Nanite/NaniteDepthExport.usf" 2268
"../../../Engine/Shaders/Private/Nanite/NaniteExportGBuffer.usf" 2269
"../../../Engine/Shaders/Private/Nanite/NaniteRasterizer.usf" 2270
"../../../Engine/Shaders/Private/Nanite/NaniteWritePixel.ush" 2271
"../../../Engine/Shaders/Private/WorkDistribution.ush" 2272
"../../../Engine/Shaders/Private/Nanite/NaniteRasterBinning.usf" 2273
"../../../Engine/Shaders/Private/Nanite/NaniteInstanceCulling.usf" 2274
"../../../Engine/Shaders/Private/Nanite/NaniteImposter.ush" 2275
"../../../Engine/Shaders/Private/Nanite/NanitePrimitiveFilter.usf" 2276
"../../../Engine/Shaders/Private/Nanite/NanitePrintStats.usf" 2277
"../../../Engine/Shaders/Private/Nanite/NaniteEmitShadow.usf" 2278
"../../../Engine/Shaders/Private/MobileDeferredUtils.usf" 2279
"../../../Engine/Shaders/Private/MobileFog.usf" 2280
"../../../Engine/Shaders/Private/DistortApplyScreenPS.usf" 2281
"../../../Engine/Shaders/Private/MobileDeferredShading.usf" 2282
"../../../Engine/Shaders/Private/MobileLightingCommon.ush" 2283
"../../../Engine/Shaders/Private/MobileBasePassPixelShader.usf" 2284
"../../../Engine/Shaders/Private/MobileBasePassCommon.ush" 2285
"../../../Engine/Shaders/Private/BasePassCommon.ush" 2286
"../../../Engine/Shaders/Private/ShadingModelsMaterial.ush" 2287
"../../../Engine/Shaders/Private/SingleLayerWaterShading.ush" 2288
"../../../Engine/Shaders/Private/DistortionCommon.ush" 2289
"../../../Engine/Shaders/Private/MobileBasePassVertexShader.usf" 2290
"../../../Engine/Shaders/Private/Lumen/LumenVisualizeRadianceCache.usf" 2291
"../../../Engine/Shaders/Private/Lumen/LumenRadianceCacheCommon.ush" 2292
"../../../Engine/Shaders/Private/Lumen/LumenVisualizeHardwareRayTracing.usf" 2293
"../../../Engine/Shaders/Private/Lumen/LumenCardCommon.ush" 2294
"../../../Engine/Shaders/Private/Lumen/LumenTracingCommon.ush" 2295
"../../../Engine/Shaders/Private/DistanceField/GlobalDistanceFieldUtils.ush" 2296
"../../../Engine/Shaders/Private/DistanceField/GlobalDistanceFieldObjectGrid.ush" 2297
"../../../Engine/Shaders/Private/DistanceFieldLightingShared.ush" 2298
"../../../Engine/Shaders/Private/Lumen/SurfaceCache/LumenSurfaceCacheSampling.ush" 2299
"../../../Engine/Shaders/Private/Lumen/SurfaceCache/LumenSurfaceCache.ush" 2300
"../../../Engine/Shaders/Private/Lumen/LumenVisualize.ush" 2301
"../../../Engine/Shaders/Private/Lumen/LumenHardwareRayTracingCommon.ush" 2302
"../../../Engine/Shaders/Private/Lumen/LumenHardwareRayTracingPipelineCommon.ush" 2303
"../../../Engine/Shaders/Private/Lumen/LumenHardwareRayTracingPlatformCommon.ush" 2304
"../../../Engine/Shaders/Private/Lumen/LumenVisualize.usf" 2305
"../../../Engine/Shaders/Private/Lumen/LumenVisualizeTraces.ush" 2306
"../../../Engine/Shaders/Private/Lumen/LumenTranslucencyVolumeLighting.usf" 2307
"../../../Engine/Shaders/Private/Lumen/LumenRadianceCacheMarkCommon.ush" 2308
"../../../Engine/Shaders/Private/Lumen/LumenTranslucencyVolumeLightingShared.ush" 2309
"../../../Engine/Shaders/Private/Lumen/LumenScreenProbeCommon.ush" 2310
"../../../Engine/Shaders/Private/BlueNoise.ush" 2311
"../../../Engine/Shaders/Private/Lumen/LumenTranslucencyVolumeHardwareRayTracing.usf" 2312
"../../../Engine/Shaders/Private/Lumen/LumenTranslucencyRadianceCacheMarkShaders.usf" 2313
"../../../Engine/Shaders/Private/Lumen/SurfaceCache/LumenSurfaceCacheFeedback.usf" 2314
"../../../Engine/Shaders/Private/Lumen/SurfaceCache/LumenSurfaceCache.usf" 2315
"../../../Engine/Shaders/Private/Lumen/LumenScreenSpaceBentNormal.usf" 2316
"../../../Engine/Shaders/Private/Lumen/LumenMaterial.ush" 2317
"../../../Engine/Shaders/Private/Lumen/LumenScreenTracing.ush" 2318
"../../../Engine/Shaders/Private/Lumen/LumenScreenProbeTracing.usf" 2319
"../../../Engine/Shaders/Private/Lumen/LumenScreenProbeTracingCommon.ush" 2320
"../../../Engine/Shaders/Private/Lumen/LumenHairTracing.ush" 2321
"../../../Engine/Shaders/Private/Lumen/LumenScreenProbeImportanceSampling.usf" 2322
"../../../Engine/Shaders/Private/Lumen/LumenScreenProbeImportanceSamplingShared.ush" 2323
"../../../Engine/Shaders/Private/Lumen/LumenScreenProbeHardwareRayTracing.usf" 2324
"../../../Engine/Shaders/Private/Lumen/LumenScreenProbeGather.usf" 2325
"../../../Engine/Shaders/Private/Lumen/LumenScreenSpaceBentNormal.ush" 2326
"../../../Engine/Shaders/Private/Lumen/LumenScreenProbeLightSampling.usf" 2327
"../../../Engine/Shaders/Private/Lumen/LumenScreenProbeFiltering.usf" 2328
"../../../Engine/Shaders/Private/Lumen/LumenSceneLighting.usf" 2329
"../../../Engine/Shaders/Private/Lumen/LumenCardTile.ush" 2330
"../../../Engine/Shaders/Private/Lumen/LumenSceneLighting.ush" 2331
"../../../Engine/Shaders/Private/Lumen/Radiosity/LumenRadiosity.ush" 2332
"../../../Engine/Shaders/Private/Lumen/LumenCardPixelShader.usf" 2333
"../../../Engine/Shaders/Private/Lumen/LumenCardVertexShader.usf" 2334
"../../../Engine/Shaders/Private/Lumen/LumenSceneLightingDebug.usf" 2335
"../../../Engine/Shaders/Private/Lumen/LumenSceneDirectLightingHardwareRayTracing.usf" 2336
"../../../Engine/Shaders/Private/Lumen/LumenReflectionCommon.ush" 2337
"../../../Engine/Shaders/Private/Lumen/LumenSceneDirectLighting.ush" 2338
"../../../Engine/Shaders/Private/Lumen/LumenSceneDirectLightingSoftwareRayTracing.usf" 2339
"../../../Engine/Shaders/Private/DistanceFieldShadowingShared.ush" 2340
"../../../Engine/Shaders/Private/Lumen/LumenSceneDirectLightingPerLightShadowCommon.ush" 2341
"../../../Engine/Shaders/Private/Lumen/LumenSceneDirectLightingShadowMask.usf" 2342
"../../../Engine/Shaders/Private/Lumen/LumenSceneDirectLighting.usf" 2343
"../../../Engine/Shaders/Private/Lumen/LumenSceneDirectLightingCulling.usf" 2344
"../../../Engine/Shaders/Private/Lumen/LumenReflectionTracing.usf" 2345
"../../../Engine/Shaders/Private/Lumen/LumenReflections.usf" 2346
"../../../Engine/Shaders/Private/Lumen/LumenReflectionHardwareRayTracing.usf" 2347
"../../../Engine/Shaders/Private/Lumen/Radiosity/LumenVisualizeRadiosityProbes.usf" 2348
"../../../Engine/Shaders/Private/Lumen/Radiosity/LumenRadiosity.usf" 2349
"../../../Engine/Shaders/Private/RayTracing/RayGenUtils.ush" 2350
"../../../Engine/Shaders/Private/Lumen/Radiosity/LumenRadiosityHardwareRayTracing.usf" 2351
"../../../Engine/Shaders/Private/Lumen/Radiosity/LumenRadiosityCulling.usf" 2352
"../../../Engine/Shaders/Private/Lumen/LumenRadianceCacheHardwareRayTracing.usf" 2353
"../../../Engine/Shaders/Private/Lumen/LumenRadianceCacheTracingCommon.ush" 2354
"../../../Engine/Shaders/Private/Lumen/LumenRadianceCache.usf" 2355
"../../../Engine/Shaders/Private/Lumen/LumenRadianceCacheUpdate.ush" 2356
"../../../Engine/Shaders/Private/Lumen/LumenRadianceCacheDebug.usf" 2357
"../../../Engine/Shaders/Private/Lumen/LumenRadianceCacheUpdate.usf" 2358
"../../../Engine/Shaders/Private/Lumen/LumenMeshSDFCulling.usf" 2359
"../../../Engine/Shaders/Private/HybridIndirectLighting.ush" 2360
"../../../Engine/Shaders/Private/MeshDistanceFieldCommon.ush" 2361
"../../../Engine/Shaders/Private/Lumen/LumenIrradianceFieldGather.usf" 2362
"../../../Engine/Shaders/Private/Lumen/LumenHardwareRayTracingMaterials.usf" 2363
"../../../Engine/Shaders/Private/Lumen/LumenHardwareRayTracingPipeline.usf" 2364
"../../../Engine/Shaders/Private/Lumen/LumenFrontLayerTranslucency.usf" 2365
"../../../Engine/Shaders/Private/LightShaftShader.usf" 2366
"../../../Engine/Shaders/Private/StationaryLightOverlapShaders.usf" 2367
"../../../Engine/Shaders/Private/DeferredLightPixelShaders.usf" 2368
"../../../Engine/Shaders/Private/HairStrands/HairStrandsVisibilityUtils.ush" 2369
"../../../Engine/Shaders/Private/DeferredLightVertexShaders.usf" 2370
"../../../Engine/Shaders/Private/LightMapDensityShader.usf" 2371
"../../../Engine/Shaders/Private/LightGridInjection.usf" 2372
"../../../Engine/Shaders/Private/LightFunctionPixelShader.usf" 2373
"../../../Engine/Shaders/Private/LightFunctionVertexShader.usf" 2374
"../../../Engine/Shaders/Private/InstanceCulling/BuildInstanceDrawCommands.usf" 2375
"../../../Engine/Shaders/Private/InstanceCulling/InstanceCompactionCommon.ush" 2376
"../../../Engine/Shaders/Private/InstanceCulling/CompactVisibleInstances.usf" 2377
"../../../Engine/Shaders/Private/ThreadGroupPrefixSum.ush" 2378
"../../../Engine/Shaders/Private/ReflectionEnvironmentPixelShader.usf" 2379
"../../../Engine/Shaders/Private/Strata/StrataEnvironmentLighting.ush" 2380
"../../../Engine/Shaders/Private/AmbientCubemapComposite.usf" 2381
"../../../Engine/Shaders/Private/DiffuseIndirectComposite.usf" 2382
"../../../Engine/Shaders/Private/HeterogeneousVolumes/HeterogeneousVolumesSparseVoxelPipeline.usf" 2383
"../../../Engine/Shaders/Private/HeterogeneousVolumes/HeterogeneousVolumesSparseVoxelUtils.ush" 2384
"../../../Engine/Shaders/Private/HeterogeneousVolumes/HeterogeneousVolumesSparseVoxelUniformBufferUtils.ush" 2385
"../../../Engine/Shaders/Private/HeterogeneousVolumes/HeterogeneousVolumesPreshadingPipeline.usf" 2386
"../../../Engine/Shaders/Private/HeterogeneousVolumes/HeterogeneousVolumesTracingUtils.ush" 2387
"../../../Engine/Shaders/Private/HeterogeneousVolumes/HeterogeneousVolumesLightingUtils.ush" 2388
"../../../Engine/Shaders/Private/HeterogeneousVolumes/HeterogeneousVolumesRayMarchingUtils.ush" 2389
"../../../Engine/Shaders/Private/HeterogeneousVolumes/HeterogeneousVolumesTransmittanceVolumeUtils.ush" 2390
"../../../Engine/Shaders/Private/HeterogeneousVolumes/HeterogeneousVolumesMaterialBakingPipeline.usf" 2391
"../../../Engine/Shaders/Private/HeterogeneousVolumes/HeterogeneousVolumesLiveShadingUtils.ush" 2392
"../../../Engine/Shaders/Private/HeterogeneousVolumes/HeterogeneousVolumesLiveShadingPipeline.usf" 2393
"../../../Engine/Shaders/Private/HeterogeneousVolumes/HeterogeneousVolumesHardwareRayTracing.usf" 2394
"../../../Engine/Shaders/Private/HeterogeneousVolumes/HeterogeneousVolumesComposite.usf" 2395
"../../../Engine/Shaders/Private/HdrCustomResolveShaders.usf" 2396
"../../../Engine/Shaders/Private/HairStrands/HairStrandsVoxelMip.usf" 2397
"../../../Engine/Shaders/Private/HairStrands/HairStrandsVoxelRasterCompute.usf" 2398
"../../../Engine/Shaders/Private/HairStrands/HairStrandsClusterCommon.ush" 2399
"../../../Engine/Shaders/Private/HairStrands/HairStrandsVoxelPageAllocation.usf" 2400
"../../../Engine/Shaders/Private/Matrices.ush" 2401
"../../../Engine/Shaders/Private/HairStrands/HairStrandsAABBCommon.ush" 2402
"../../../Engine/Shaders/Private/HairStrands/HairStrandsVoxelOpaque.usf" 2403
"../../../Engine/Shaders/Private/HairStrands/HairStrandsRaytracingGeometry.usf" 2404
"../../../Engine/Shaders/Private/HairStrands/HairStrandsHitProxy.usf" 2405
"../../../Engine/Shaders/Private/HairStrands/HairStrandsVisibilityRasterComputeNaive.usf" 2406
"../../../Engine/Shaders/Private/HairStrands/HairStrandsVisibilityRasterHW.usf" 2407
"../../../Engine/Shaders/Private/HairStrands/HairStrandsVisibilityRasterCompute.usf" 2408
"../../../Engine/Shaders/Private/HairStrands/HairStrandsVisibilityRasterClassification.usf" 2409
"../../../Engine/Shaders/Private/HairStrands/HairStrandsCoverage.usf" 2410
"../../../Engine/Shaders/Private/HairStrands/HairStrandsVisibilityDepthPS.usf" 2411
"../../../Engine/Shaders/Private/HairStrands/HairStrandsVisibilityTransmittanceDepthPS.usf" 2412
"../../../Engine/Shaders/Private/HairStrands/HairStrandsVisibilityFillOpaqueDepthPS.usf" 2413
"../../../Engine/Shaders/Private/HairStrands/HairStrandsVisibilityCompactionComputeRaster.usf" 2414
"../../../Engine/Shaders/Private/HairStrands/HairStrandsVisibilityCompaction.usf" 2415
"../../../Engine/Shaders/Private/HairStrands/HairStrandsVisibilityCopyIndirectArg.usf" 2416
"../../../Engine/Shaders/Private/HairStrands/HairStrandsVisibilityClearPS.usf" 2417
"../../../Engine/Shaders/Private/HairStrands/HairStrandsVisibilityPS.usf" 2418
"../../../Engine/Shaders/Private/HairStrands/HairStrandsVisibilityVS.usf" 2419
"../../../Engine/Shaders/Private/HairStrands/HairStrandsVelocity.usf" 2420
"../../../Engine/Shaders/Private/HairStrands/HairStrandsVisibilityComputeSampleCoverage.usf" 2421
"../../../Engine/Shaders/Private/HairStrands/HairStrandsMaterialPS.usf" 2422
"../../../Engine/Shaders/Private/HairStrands/HairStrandsMaterialCommon.ush" 2423
"../../../Engine/Shaders/Private/HairStrands/HairStrandsMaterialVS.usf" 2424
"../../../Engine/Shaders/Private/HairStrands/HairStrandsLightSample.usf" 2425
"../../../Engine/Shaders/Private/HairStrands/HairStrandsDeepShadowMask.usf" 2426
"../../../Engine/Shaders/Private/HairStrands/HairStrandsDeepShadowCommon.ush" 2427
"../../../Engine/Shaders/Private/HairStrands/HairStrandsDeepTransmittanceMask.usf" 2428
"../../../Engine/Shaders/Private/HairStrands/HairStrandsVisibilityTile.usf" 2429
"../../../Engine/Shaders/Private/HairStrands/HairStrandsDeepShadowPS.usf" 2430
"../../../Engine/Shaders/Private/HairStrands/HairStrandsDeepShadowVS.usf" 2431
"../../../Engine/Shaders/Private/HairStrands/HairStrandsLUT.usf" 2432
"../../../Engine/Shaders/Private/HairStrands/HairStrandsEnvironmentLighting.usf" 2433
"../../../Engine/Shaders/Private/HairStrands/HairStrandsEnvironmentLightingCommon.ush" 2434
"../../../Engine/Shaders/Private/HairStrands/HairStrandsDebugCommonStruct.ush" 2435
"../../../Engine/Shaders/Private/HairStrands/HairStrandsEnvironmentAO.usf" 2436
"../../../Engine/Shaders/Private/HairStrands/HairStrandsDeepShadowAllocation.usf" 2437
"../../../Engine/Shaders/Private/HairStrands/HairStrandsVoxelDepthInjection.usf" 2438
"../../../Engine/Shaders/Private/HairStrands/HairStrandsClusterCulling.usf" 2439
"../../../Engine/Shaders/Private/HairStrands/HairStrandsDebug.usf" 2440
"../../../Engine/Shaders/Private/HairStrands/HairStrandsMeshProjectionCommon.ush" 2441
"../../../Engine/Shaders/Private/HairStrands/HairStrandsVoxelPageRayMarching.usf" 2442
"../../../Engine/Shaders/Private/HairStrands/HairStrandsGBufferWrite.usf" 2443
"../../../Engine/Shaders/Private/HairStrands/HairStrandsGBufferCommon.ush" 2444
"../../../Engine/Shaders/Private/HairStrands/HairStrandsVisibilityComposeSubPixelPS.usf" 2445
"../../../Engine/Shaders/Private/HairStrands/HairStrandsAABB.usf" 2446
"../../../Engine/Shaders/Private/GPUScene/GPUSceneDataManagement.usf" 2447
"../../../Engine/Shaders/Private/GPUSceneDebugRender.usf" 2448
"../../../Engine/Shaders/Private/GPUFastFourierTransform.usf" 2449
"../../../Engine/Shaders/Private/GPUFastFourierTransform2DCore.ush" 2450
"../../../Engine/Shaders/Private/GPUFastFourierTransformCore.ush" 2451
"../../../Engine/Shaders/Private/GPUBenchmark.usf" 2452
"../../../Engine/Shaders/Private/DistanceField/GlobalDistanceFieldDebug.usf" 2453
"../../../Engine/Shaders/Private/DistanceField/GlobalDistanceFieldMip.usf" 2454
"../../../Engine/Shaders/Private/DistanceField/GlobalDistanceField.usf" 2455
"../../../Engine/Shaders/Private/DistanceField/GlobalDistanceFieldUpdate.ush" 2456
"../../../Engine/Shaders/Private/DistanceField/GlobalDistanceFieldCompositeObjects.usf" 2457
"../../../Engine/Shaders/Private/DistanceField/GlobalDistanceFieldHeightfields.usf" 2458
"../../../Engine/Shaders/Private/HeightfieldLightingShared.ush" 2459
"../../../Engine/Shaders/Private/GenerateConservativeDepth.usf" 2460
"../../../Engine/Shaders/Private/HeightFogPixelShader.usf" 2461
"../../../Engine/Shaders/Private/HeightFogVertexShader.usf" 2462
"../../../Engine/Shaders/Private/DistortFiltering.usf" 2463
"../../../Engine/Shaders/Private/DistortAccumulatePS.usf" 2464
"../../../Engine/Shaders/Private/DistortAccumulateVS.usf" 2465
"../../../Engine/Shaders/Private/DistanceFieldVisualization.usf" 2466
"../../../Engine/Shaders/Private/DistanceFieldStreaming.usf" 2467
"../../../Engine/Shaders/Private/DistanceFieldShadowing.usf" 2468
"../../../Engine/Shaders/Private/DistanceFieldScreenGridLighting.usf" 2469
"../../../Engine/Shaders/Private/DistanceFieldObjectCulling.usf" 2470
"../../../Engine/Shaders/Private/DistanceFieldLightingPost.usf" 2471
"../../../Engine/Shaders/Private/DitheredTransitionStencil.usf" 2472
"../../../Engine/Shaders/Private/DepthOnlyPixelShader.usf" 2473
"../../../Engine/Shaders/Private/DepthOnlyVertexShader.usf" 2474
"../../../Engine/Shaders/Private/PositionOnlyDepthVertexShader.usf" 2475
"../../../Engine/Shaders/Private/DeferredDecal.usf" 2476
"../../../Engine/Shaders/Private/DecalCommon.ush" 2477
"../../../Engine/Shaders/Private/DebugViewModeVertexShader.usf" 2478
"../../../Engine/Shaders/Private/DebugViewModeCommon.ush" 2479
"../../../Engine/Shaders/Private/DebugViewModePixelShader.usf" 2480
"../../../Engine/Shaders/Private/DebugProbes.usf" 2481
"../../../Engine/Shaders/Private/MeshDecals.usf" 2482
"../../../Engine/Shaders/Private/PostProcessAmbientOcclusion.usf" 2483
"../../../Engine/Shaders/Private/ClusteredDeferredShadingPixelShader.usf" 2484
"../../../Engine/Shaders/Private/ClusteredDeferredShadingVertexShader.usf" 2485
"../../../Engine/Shaders/Private/CapsuleShadowShaders.usf" 2486
"../../../Engine/Shaders/Private/BasePassPixelShader.usf" 2487
"../../../Engine/Shaders/Private/ThinTranslucentCommon.ush" 2488
"../../../Engine/Shaders/Private/ForwardLightingCommon.ush" 2489
"../../../Engine/Shaders/Private/Strata/StrataForwardLighting.ush" 2490
"../../../Engine/Shaders/Private/ComputeShaderOutputCommon.ush" 2491
"../../../Engine/Shaders/Private/BasePassVertexShader.usf" 2492
"../../../Engine/Shaders/Private/BasePassVertexCommon.ush" 2493
"../../../Engine/Shaders/Private/AnisotropyPassShader.usf" 2494
"../../../Engine/Shaders/Private/SimpleElementVolumeTexturePreviewPixelShader.usf" 2495
"../../../Engine/Shaders/Private/SimpleElementTexture2DPreviewPixelShader.usf" 2496
"../../../Engine/Shaders/Private/meshpaintdilatepixelshader.usf" 2497
"../../../Engine/Shaders/Private/meshpaintdilatevertexshader.usf" 2498
"../../../Engine/Shaders/Private/MeshPaintPixelShader.usf" 2499
"../../../Engine/Shaders/Private/MeshPaintVertexShader.usf" 2500
"../../../Engine/Shaders/Private/Tools/VisualizeTexture.usf" 2501
"../../../Engine/Shaders/Private/ByteBuffer.usf" 2502
"../../../Engine/Shaders/Private/ResolveVertexShader.usf" 2503
"../../../Engine/Shaders/Private/ResolvePixelShader.usf" 2504
"../../../Engine/Shaders/Private/Tools/SetupIndirectArgs.usf" 2505
"../../../Engine/Shaders/Private/Tools/ClearUAV.usf" 2506
"../../../Engine/Shaders/Private/ClearReplacementShaders.usf" 2507
"../../../Engine/Shaders/Private/Tools/DrawTexture.usf" 2508
"../../../Engine/Shaders/Private/RayTracing/RayTracingValidation.usf" 2509
"../../../Engine/Shaders/Private/RenderGraphUtilities.usf" 2510
"../../../Engine/Shaders/Private/OneColorShader.usf" 2511
"../../../Engine/Shaders/Private/OculusShaders.usf" 2512
"../../../Engine/Shaders/Private/MediaShaders.usf" 2513
"../../../Engine/Shaders/Private/GPUMessaging.usf" 2514
"../../../Engine/Shaders/Private/NullPixelShader.usf" 2515
"../../../Engine/Shaders/Private/ComputeGenerateMips.usf" 2516
"../../../Engine/Shaders/Private/Tools/DumpTexture.usf" 2517
"../../../Engine/Shaders/Private/CopyTextureShaders.usf" 2518
"../../../Engine/Shaders/Private/Tools/FullscreenVertexShader.usf" 2519
"../../../Engine/Shaders/Private/RayTracing/RayTracingDispatchDesc.usf" 2520
"../../../Engine/Shaders/Private/RayTracing/RayTracingBuiltInShaders.usf" 2521
"../../../Engine/Shaders/Private/Bink.usf" 2522
"../../../../../../GitHub/UnealStudy/UnrealBuildSystem/Intermediate/ShaderAutogen/PCD3D_SM5/AutogenShaderHeaders.ush" 2523
"D:/game/epicGames/UE_5.1/Engine/Plugins/2D/Paper2D/Content/DummySprite.uasset" 2524
"D:/game/epicGames/UE_5.1/Engine/Plugins/2D/Paper2D/Content/Tutorial/Paper2D/TutorialAssets/TutorialSprite.uasset" 2525
"D:/game/epicGames/UE_5.1/Engine/Plugins/2D/Paper2D/Content/Tutorial/Paper2D/TutorialAssets/TutorialFlipBook.uasset" 2526
"D:/game/epicGames/UE_5.1/Engine/Plugins/Animation/ControlRig/Content/StandardFunctionLibrary/StandardFunctionLibrary.uasset" 2527
"D:/game/epicGames/UE_5.1/Engine/Plugins/Animation/ControlRigSpline/Content/SplineFunctionLibrary/SplineFunctionLibrary.uasset" 2528
"../../../Engine/Content/EditorResources/S_Actor.uasset" 2529
"C:/Users/?????????/AppData/Local/UnrealEngine/Common/DerivedDataCache/Buckets/BulkDataList/87/7e/1d092adadb57528ad5cdb4c71822c1c0f10e.udd" 2530
"../../../../../../GitHub/UnealStudy/UnrealBuildSystem/Intermediate/ShaderAutogen/PCD3D_ES3_1/AutogenShaderHeaders.ush" 2531
"../../../Engine/Content/EditorResources/S_BoxReflectionCapture.uasset" 2532
"C:/Users/?????????/AppData/Local/UnrealEngine/Common/DerivedDataCache/Buckets/BulkDataList/ef/89/66da75da877f16e957a11f8d5b5cc5b35d84.udd" 2533
"../../../Engine/Content/EngineResources/DefaultTexture.uasset" 2534
"C:/Users/?????????/AppData/Local/UnrealEngine/Common/DerivedDataCache/Buckets/BulkDataList/6b/17/7687ba2fa88d51355bb02558a864c772fa6f.udd" 2535
"../../../Engine/Content/EngineResources/DefaultTextureCube.uasset" 2536
"C:/Users/?????????/AppData/Local/UnrealEngine/Common/DerivedDataCache/Buckets/BulkDataList/4f/e2/d4d034b4ebf448f16a0b8d1f34ea1ac39185.udd" 2537
"../../../Engine/Content/EngineResources/DefaultVolumeTexture.uasset" 2538
"../../../Engine/Content/EngineResources/DefaultVolumeTexture2D.uasset" 2539
"C:/Users/?????????/AppData/Local/UnrealEngine/Common/DerivedDataCache/Buckets/BulkDataList/be/81/1eecf9de15df445dd29d604191f92f820511.udd" 2540
"C:/Users/?????????/AppData/Local/UnrealEngine/Common/DerivedDataCache/Buckets/BulkDataList/91/f2/fd1b403ba181d8e4c3e48abaf8e9cd47d04b.udd" 2541
"../../../Engine/Content/EngineFonts/RobotoDistanceField.uasset" 2542
"C:/Users/?????????/AppData/Local/UnrealEngine/Common/DerivedDataCache/Buckets/BulkDataList/81/7e/64f0498e06c2ced11cb68b7fd7d928fada40.udd" 2543
"../../../Engine/Content/EngineMaterials/DefaultTextMaterialOpaque.uasset" 2544
"../../../Engine/Content/Functions/Engine_MaterialFunctions01/Shading/PowerToRoughness.uasset" 2545
"../../../Engine/Content/Functions/Engine_MaterialFunctions01/Shading/ConvertFromDiffSpec.uasset" 2546
"../../../Engine/Content/EngineMaterials/WorldGridMaterial.uasset" 2547
"../../../Engine/Content/Functions/Engine_MaterialFunctions01/Opacity/CameraDepthFade.uasset" 2548
"../../../Engine/Content/EngineMaterials/T_Default_Material_Grid_M.uasset" 2549
"../../../Engine/Content/EngineMaterials/T_Default_Material_Grid_N.uasset" 2550
"../../../Engine/Content/EngineMaterials/DefaultDeferredDecalMaterial.uasset" 2551
"../../../Engine/Content/EngineMaterials/DefaultDiffuse.uasset" 2552
"../../../Engine/Content/EngineMaterials/DefaultLightFunctionMaterial.uasset" 2553
"../../../Engine/Content/EngineMaterials/DefaultPostProcessMaterial.uasset" 2554
"../../../Engine/Content/Functions/Engine_MaterialFunctions02/Utility/BreakOutFloat2Components.uasset" 2555
"C:/Users/?????????/AppData/Local/UnrealEngine/Common/DerivedDataCache/Buckets/BulkDataList/ac/9b/362f96eab77d615f53a01ddacfa7f99b3d31.udd" 2556
"C:/Users/?????????/AppData/Local/UnrealEngine/Common/DerivedDataCache/Buckets/BulkDataList/d5/c2/323806a44929261952cdd4098dc48db1f9f5.udd" 2557
"C:/Users/?????????/AppData/Local/UnrealEngine/Common/DerivedDataCache/Buckets/BulkDataList/5e/07/0a7d5ff4c985e890bdab17855aa3009c3fa4.udd" 2558
"../../../Engine/Content/EditorResources/S_Trigger.uasset" 2559
"C:/Users/?????????/AppData/Local/UnrealEngine/Common/DerivedDataCache/Buckets/BulkDataList/4f/1d/73c00ead119d66eaa3ab65eef5a868c41140.udd" 2560
"../../../Engine/Content/EditorResources/S_TriggerBox.uasset" 2561
"C:/Users/?????????/AppData/Local/UnrealEngine/Common/DerivedDataCache/Buckets/BulkDataList/1e/16/b8dd61f989f11b9e58193cc57e281bec1386.udd" 2562
"../../../Engine/Content/EditorResources/S_TriggerCapsule.uasset" 2563
"C:/Users/?????????/AppData/Local/UnrealEngine/Common/DerivedDataCache/Buckets/BulkDataList/e4/db/78988407fd318e1357bad8d955657bfd4db5.udd" 2564
"../../../Engine/Content/EditorResources/S_TriggerSphere.uasset" 2565
"C:/Users/?????????/AppData/Local/UnrealEngine/Common/DerivedDataCache/Buckets/BulkDataList/a9/ef/5d1ce3c16a1f50f0598df8e53551cbc80971.udd" 2566
"../../../Engine/Content/EngineDamageTypes/DmgTypeBP_Environmental.uasset" 2567
"../../../Engine/Content/EngineSky/VolumetricClouds/m_SimpleVolumetricCloud_Inst.uasset" 2568
"../../../Engine/Content/EngineSky/VolumetricClouds/m_SimpleVolumetricCloud.uasset" 2569
"../../../Engine/Content/Functions/Engine_MaterialFunctions02/Utility/MakeFloat2.uasset" 2570
"../../../Engine/Content/EngineSky/VolumetricClouds/CloudGradientTexture.uasset" 2571
"../../../Engine/Content/EngineSky/VolumetricClouds/CloudWeatherTexture.uasset" 2572
"../../../Engine/Content/EngineSky/VolumetricClouds/T_VolumeNoiseErosion32.uasset" 2573
"../../../Engine/Content/EngineSky/VolumetricClouds/T_NoiseErosion.uasset" 2574
"../../../Engine/Content/EngineSky/VolumetricClouds/T_VolumeNoiseShape64.uasset" 2575
"../../../Engine/Content/EngineSky/VolumetricClouds/T_NoiseShape64.uasset" 2576
"C:/Users/?????????/AppData/Local/UnrealEngine/Common/DerivedDataCache/Buckets/BulkDataList/8c/2d/59e46352d8ee0cb152f19438aa76fdf3a2ae.udd" 2577
"C:/Users/?????????/AppData/Local/UnrealEngine/Common/DerivedDataCache/Buckets/BulkDataList/10/17/9d0b35aca4b3dd2ee9ea78a40931ac807997.udd" 2578
"C:/Users/?????????/AppData/Local/UnrealEngine/Common/DerivedDataCache/Buckets/BulkDataList/b9/a1/92bf580f2e35d5b307ea6d7e6d7527e14640.udd" 2579
"C:/Users/?????????/AppData/Local/UnrealEngine/Common/DerivedDataCache/Buckets/BulkDataList/3e/19/acdbca25855dac75d60b9b8c4b1fee690698.udd" 2580
"C:/Users/?????????/AppData/Local/UnrealEngine/Common/DerivedDataCache/Buckets/BulkDataList/0b/22/c2d546da9ddd3e0526a3e32c2af792a62e47.udd" 2581
"C:/Users/?????????/AppData/Local/UnrealEngine/Common/DerivedDataCache/Buckets/BulkDataList/43/3f/d794095c73c0a038a96d472f3256ce5a8ce7.udd" 2582
"../../../Engine/Content/EngineMeshes/Sphere.uasset" 2583
"C:/Users/?????????/AppData/Local/UnrealEngine/Common/DerivedDataCache/Buckets/LegacyNavCollision/4b/c5/179c6cac72d2f74b4e26fe270404627d7717.udd" 2584
"../../../Engine/Content/EngineResources/WhiteSquareTexture.uasset" 2585
"C:/Users/?????????/AppData/Local/UnrealEngine/Common/DerivedDataCache/Buckets/BulkDataList/85/21/e666a0fbaf918ba25be0c7a5d0581734fade.udd" 2586
"../../../Engine/Content/EngineResources/GradientTexture0.uasset" 2587
"C:/Users/?????????/AppData/Local/UnrealEngine/Common/DerivedDataCache/Buckets/BulkDataList/6b/3b/9f92c8ef577e4336151576e1599fea473000.udd" 2588
"../../../Engine/Content/EngineResources/Black.uasset" 2589
"C:/Users/?????????/AppData/Local/UnrealEngine/Common/DerivedDataCache/Buckets/BulkDataList/87/33/34d41af6d53ddb0cd76c3a267fa0b0ad3c31.udd" 2590
"../../../Engine/Content/EditorMaterials/WorldPartition/WorldPartitionSpatialHashGridPreviewMaterial.uasset" 2591
"../../../Engine/Content/Functions/Engine_MaterialFunctions02/Utility/BreakOutFloat3Components.uasset" 2592
"../../../Engine/Content/Functions/Engine_MaterialFunctions02/Utility/MakeFloat3.uasset" 2593
"../../../Engine/Content/Functions/Engine_MaterialFunctions02/Utility/MakeFloat4.uasset" 2594
"../../../Engine/Content/EngineMaterials/Widget3DPassThrough_Translucent.uasset" 2595
"../../../Engine/Content/EngineMaterials/Widget3DPassThrough.uasset" 2596
"../../../Engine/Content/EngineMaterials/Widget3DPassThrough_Translucent_OneSided.uasset" 2597
"../../../Engine/Content/EngineMaterials/Widget3DPassThrough_Opaque.uasset" 2598
"../../../Engine/Content/EngineMaterials/Widget3DPassThrough_Opaque_OneSided.uasset" 2599
"../../../Engine/Content/EngineMaterials/Widget3DPassThrough_Masked.uasset" 2600
"../../../Engine/Content/EngineMaterials/Widget3DPassThrough_Masked_OneSided.uasset" 2601
"../../../Engine/Content/VREditor/TransformGizmo/PlaneTranslationHandle.uasset" 2602
"../../../Engine/Content/VREditor/TransformGizmo/TransformGizmoMaterial.uasset" 2603
"../../../Engine/Content/VREditor/LaserPointer/VR_LaserPower_01.uasset" 2604
"../../../Engine/Content/VREditor/TransformGizmo/TranslucentTransformGizmoMaterial.uasset" 2605
"C:/Users/?????????/AppData/Local/UnrealEngine/Common/DerivedDataCache/Buckets/BulkDataList/39/27/27afbaa17eff1325d15da78ce08b7cfa4d85.udd" 2606
"../../../Engine/Content/VREditor/TransformGizmo/BoundingBoxCorner.uasset" 2607
"../../../Engine/Content/VREditor/TransformGizmo/BoundingBoxEdge.uasset" 2608
"../../../Engine/Content/VREditor/TransformGizmo/SM_Sequencer_Node.uasset" 2609
"../../../Engine/Content/VREditor/TransformGizmo/Main.uasset" 2610
"../../../Engine/Content/VREditor/TransformGizmo/Xray.uasset" 2611
"../../../Engine/Content/EditorMeshes/Camera/SM_CraneRig_Base.uasset" 2612
"../../../Engine/Content/EditorMaterials/Camera/MI_CineMat_Rig.uasset" 2613
"../../../Engine/Content/EditorMaterials/Camera/CineMat.uasset" 2614
"../../../Engine/Content/EditorMeshes/Camera/SM_CraneRig_Arm.uasset" 2615
"../../../Engine/Content/EditorMeshes/Camera/SM_CraneRig_Mount.uasset" 2616
"../../../Engine/Content/EditorMeshes/Camera/SM_CraneRig_Body.uasset" 2617
"../../../Engine/Content/EditorMeshes/Camera/SM_RailRig_Track.uasset" 2618
"../../../Engine/Content/EditorMeshes/Camera/SM_RailRig_Mount.uasset" 2619
"../../../Engine/Content/ArtTools/RenderToTexture/Meshes/S_1_Unit_Plane.uasset" 2620
"../../../Engine/Content/EngineDebugMaterials/M_SimpleUnlitTranslucent.uasset" 2621
"../../../Engine/Content/EngineFonts/Roboto.uasset" 2622
"../../../Engine/Content/EngineFonts/Faces/DroidSansFallback.uasset" 2623
"../../../Engine/Content/EngineFonts/Faces/RobotoBold.uasset" 2624
"../../../Engine/Content/EngineFonts/Faces/RobotoBoldItalic.uasset" 2625
"../../../Engine/Content/EngineFonts/Faces/RobotoItalic.uasset" 2626
"../../../Engine/Content/EngineFonts/Faces/RobotoLight.uasset" 2627
"../../../Engine/Content/EngineFonts/Faces/RobotoRegular.uasset" 2628
"../../../Engine/Content/EditorMaterials/ParticleSystems/PSysThumbnail_NoImage.uasset" 2629
"C:/Users/?????????/AppData/Local/UnrealEngine/Common/DerivedDataCache/Buckets/BulkDataList/a4/1b/df99b9358df2e8130f3ea04d1c69a6513193.udd" 2630
"../../../Engine/Content/EditorMaterials/ParticleSystems/PSysThumbnail_OOD.uasset" 2631
"C:/Users/?????????/AppData/Local/UnrealEngine/Common/DerivedDataCache/Buckets/BulkDataList/ce/d4/da5acccc073295e42deacab4deaeec9ccd22.udd" 2632
"../../../Engine/Content/EditorLandscapeResources/SplineEditorMesh.uasset" 2633
"../../../Engine/Content/EditorLandscapeResources/SplineEditorMeshMat.uasset" 2634
"../../../Engine/Content/EditorLandscapeResources/DataLayer.uasset" 2635
"../../../Engine/Content/EditorResources/S_Solver.uasset" 2636
"C:/Users/?????????/AppData/Local/UnrealEngine/Common/DerivedDataCache/Buckets/BulkDataList/6d/b9/9f4ed026d6f030213f01bb8528638343318c.udd" 2637
"../../../Engine/Content/EngineDebugMaterials/VolumeToRender.uasset" 2638
"C:/Users/?????????/AppData/Local/UnrealEngine/Common/DerivedDataCache/Buckets/BulkDataList/99/8d/9205489957759b5a3af2f535b003b53219db.udd" 2639
"../../../Engine/Content/EngineDebugMaterials/M_VolumeRenderSphereTracePP.uasset" 2640
"../../../Engine/Content/Functions/Engine_MaterialFunctions02/Utility/CameraDirectionVector.uasset" 2641
"../../../Engine/Content/Internationalization/icudt64l/coll/ucadata.icu" 2642
"../../../Engine/Content/Internationalization/icudt64l/coll/en.res" 2643
"../../../Engine/Content/Internationalization/icudt64l/coll/root.res" 2644
"../../../Engine/Content/Animation/DefaultAnimBoneCompressionSettings.uasset" 2645
"../../../Engine/Content/Animation/DefaultRecorderBoneCompression.uasset" 2646
"../../../Engine/Content/Animation/DefaultAnimCurveCompressionSettings.uasset" 2647
"../../Plugins/Animation/ControlRig/Content/Controls/ControlRigXRayMaterial.uasset" 2648
"../../Plugins/Animation/ControlRig/Content/Controls/DefaultGizmoLibraryNormalized.uasset" 2649
"../../Plugins/Animation/ControlRig/Content/M_Manip.uasset" 2650
"../../../Engine/Content/Functions/Engine_MaterialFunctions02/WorldPositionOffset/CameraOffset.uasset" 2651
"../../Plugins/2D/Paper2D/Content/MaskedUnlitSpriteMaterial.uasset" 2652
"../../Plugins/2D/Paper2D/Content/DefaultSpriteMaterial.uasset" 2653
"../../Plugins/2D/Paper2D/Content/PlaceholderTextures/DummySpriteTexture.uasset" 2654
"C:/Users/?????????/AppData/Local/UnrealEngine/Common/DerivedDataCache/Buckets/BulkDataList/96/a5/57d37f17bfb552929a006d8997aa369df552.udd" 2655
"../../Plugins/2D/Paper2D/Content/OpaqueUnlitSpriteMaterial.uasset" 2656
"../../Plugins/2D/Paper2D/Content/DefaultPaperTerrainMaterial.uasset" 2657
"../../Plugins/2D/Paper2D/Content/DummySprite.uasset" 2658
"../../Plugins/Media/MediaPlate/Content/SM_MediaPlateScreen.uasset" 2659
"../../Plugins/Editor/SpeedTreeImporter/Content/SpeedTree9/SpeedTreeMaster.uasset" 2660
"../../../Engine/Content/Functions/Engine_MaterialFunctions02/ObjectLocalBounds.uasset" 2661
"../../../Engine/Content/Functions/Engine_MaterialFunctions02/SafeNormalize.uasset" 2662
"../../../Engine/Content/Functions/Engine_MaterialFunctions02/Utility/VectorLength.uasset" 2663
"../../../Engine/Content/Functions/Engine_MaterialFunctions02/UVs/BoundingBoxBased_0-1_UVW.uasset" 2664
"../../../Engine/Content/Functions/Engine_MaterialFunctions02/WorldPositionOffset/ObjectScale.uasset" 2665
"../../Plugins/Editor/SpeedTreeImporter/Content/SpeedTree9/SpeedTreeBranchMotion.uasset" 2666
"../../Plugins/Editor/SpeedTreeImporter/Content/SpeedTree9/SpeedTreeWindMotion.uasset" 2667
"../../Plugins/Editor/SpeedTreeImporter/Content/SpeedTree9/game_wind_noise.uasset" 2668
"../../Plugins/Editor/SpeedTreeImporter/Content/SpeedTree9/UnpackDirection.uasset" 2669
"../../Plugins/Editor/SpeedTreeImporter/Content/SpeedTree9/UnpackInteger3.uasset" 2670
"../../Plugins/Editor/SpeedTreeImporter/Content/SpeedTree9/SpeedTreeCameraFacing.uasset" 2671
"../../Plugins/Editor/SpeedTreeImporter/Content/SpeedTree9/SpeedTreeWind.uasset" 2672
"../../Plugins/Editor/SpeedTreeImporter/Content/SpeedTree9/Empty.uasset" 2673
"../../Plugins/Editor/SpeedTreeImporter/Content/SpeedTree9/EmptyNormal.uasset" 2674
"C:/Users/?????????/AppData/Local/UnrealEngine/Common/DerivedDataCache/Buckets/BulkDataList/fa/7c/2a6ca577382b21a8a18b0e54dfbad7db0dc1.udd" 2675
"C:/Users/?????????/AppData/Local/UnrealEngine/Common/DerivedDataCache/Buckets/BulkDataList/ee/4a/6a994846f5fb2393957883abcfcfb9226810.udd" 2676
"C:/Users/?????????/AppData/Local/UnrealEngine/Common/DerivedDataCache/Buckets/BulkDataList/02/da/fd206bf25a7e7ef9bc0afe2d810ab5eecf23.udd" 2677
"../../Plugins/Editor/SpeedTreeImporter/Content/SpeedTree9/SpeedTreeBillboardMaster.uasset" 2678
"../../Plugins/Editor/SpeedTreeImporter/Content/SpeedTree9/SpeedTreeBillboard.uasset" 2679
"../../../Engine/Content/EngineMaterials/RemoveSurfaceMaterial.uasset" 2680
"../../../Engine/Content/EngineDebugMaterials/DebugMeshMaterial.uasset" 2681
"../../../Engine/Content/EngineMaterials/EmissiveMeshMaterial.uasset" 2682
"../../../Engine/Content/EngineMaterials/DefaultWhiteGrid_Low.uasset" 2683
"C:/Users/?????????/AppData/Local/UnrealEngine/Common/DerivedDataCache/Buckets/BulkDataList/50/98/b3c6dc44b610df68c8b59b460d982b5315ac.udd" 2684
"../../../Engine/Content/EngineMaterials/M_InvalidLightmapSettings.uasset" 2685
"../../../Engine/Content/EngineMaterials/InvalidLightmapSettings.uasset" 2686
"C:/Users/?????????/AppData/Local/UnrealEngine/Common/DerivedDataCache/Buckets/BulkDataList/39/c6/6e5ccec9549f775f23d03ba5f8aa689e4c11.udd" 2687
"../../../Engine/Content/EngineMaterials/GizmoMaterial.uasset" 2688
"../../../Engine/Content/EngineMaterials/PhAT_JointLimitMaterial.uasset" 2689
"../../../Engine/Content/EngineMaterials/FlattenMaterial.uasset" 2690
"../../../Engine/Content/EngineMaterials/BaseFlattenDiffuseMap.uasset" 2691
"../../../Engine/Content/EngineMaterials/BaseFlattenEmissiveMap.uasset" 2692
"../../../Engine/Content/EngineMaterials/BaseFlattenGrayscaleMap.uasset" 2693
"../../../Engine/Content/EngineMaterials/BaseFlattenLinearColor.uasset" 2694
"../../../Engine/Content/EngineMaterials/BaseFlattenNormalMap.uasset" 2695
"../../../Engine/Content/Functions/Engine_MaterialFunctions02/PivotPainter2/Black_1x1_EXR_Texture.uasset" 2696
"C:/Users/?????????/AppData/Local/UnrealEngine/Common/DerivedDataCache/Buckets/BulkDataList/8d/3c/59c1d99a7077dd6d648edcd2c9f89dacb753.udd" 2697
"C:/Users/?????????/AppData/Local/UnrealEngine/Common/DerivedDataCache/Buckets/BulkDataList/a2/a8/ddac30a98f70c145522a4465826f37cb03b8.udd" 2698
"C:/Users/?????????/AppData/Local/UnrealEngine/Common/DerivedDataCache/Buckets/BulkDataList/fe/aa/2e7342584de58eb0fc8431d0172e94778a69.udd" 2699
"C:/Users/?????????/AppData/Local/UnrealEngine/Common/DerivedDataCache/Buckets/BulkDataList/49/46/25ad06144b33b20020372e155dd04a5467df.udd" 2700
"C:/Users/?????????/AppData/Local/UnrealEngine/Common/DerivedDataCache/Buckets/BulkDataList/6f/04/2393ad59b822a484118e07625ac808df234e.udd" 2701
"C:/Users/?????????/AppData/Local/UnrealEngine/Common/DerivedDataCache/Buckets/BulkDataList/b6/e7/03c566e104175592bafc2072ec86bfc81895.udd" 2702
"../../../Engine/Content/EngineMaterials/FlattenMaterial_VT.uasset" 2703
"../../../Engine/Content/EngineMaterials/BaseFlattenDiffuseMap_VT.uasset" 2704
"../../../Engine/Content/EngineMaterials/BaseFlattenEmissiveMap_VT.uasset" 2705
"../../../Engine/Content/EngineMaterials/BaseFlattenGrayscaleMap_VT.uasset" 2706
"../../../Engine/Content/EngineMaterials/BaseFlattenLinearColor_VT.uasset" 2707
"../../../Engine/Content/EngineMaterials/BaseFlattenNormalMap_VT.uasset" 2708
"../../../Engine/Content/EngineMaterials/Black_1x1_EXR_Texture_VT.uasset" 2709
"C:/Users/?????????/AppData/Local/UnrealEngine/Common/DerivedDataCache/Buckets/BulkDataList/2d/e5/d2a94be9c899a212f3262bd1e860008808da.udd" 2710
"C:/Users/?????????/AppData/Local/UnrealEngine/Common/DerivedDataCache/Buckets/BulkDataList/74/16/feb6aca64c69318fa0c030115a6507c8c9fd.udd" 2711
"C:/Users/?????????/AppData/Local/UnrealEngine/Common/DerivedDataCache/Buckets/BulkDataList/4b/42/bd07c847428979b4d78008006b81530363be.udd" 2712
"C:/Users/?????????/AppData/Local/UnrealEngine/Common/DerivedDataCache/Buckets/BulkDataList/d3/3d/d1c15082d2a4fbe8f77eaeb81eb19334c30d.udd" 2713
"C:/Users/?????????/AppData/Local/UnrealEngine/Common/DerivedDataCache/Buckets/BulkDataList/46/4c/61e53929ac2dd34a892183cbffe3ac18492e.udd" 2714
"C:/Users/?????????/AppData/Local/UnrealEngine/Common/DerivedDataCache/Buckets/BulkDataList/44/18/95b5411c162e74e179c01b637b249b322ac1.udd" 2715
"../../../Engine/Content/EngineMaterials/FlattenMaterial_WS_Normal_VT.uasset" 2716
"../../../Engine/Content/EngineMaterials/Good64x64TilingNoiseHighFreq.uasset" 2717
"C:/Users/?????????/AppData/Local/UnrealEngine/Common/DerivedDataCache/Buckets/BulkDataList/a1/bc/46b635cdaad2197db67ca56bffb82ce58e69.udd" 2718
"../../../Engine/Content/EngineMaterials/DefaultBokeh.uasset" 2719
"C:/Users/?????????/AppData/Local/UnrealEngine/Common/DerivedDataCache/Buckets/BulkDataList/87/a0/09beb2338b7f1c4e8d8a8a2a67f4ebb70416.udd" 2720
"../../../Engine/Content/EngineMaterials/PreintegratedSkinBRDF.uasset" 2721
"C:/Users/?????????/AppData/Local/UnrealEngine/Common/DerivedDataCache/Buckets/BulkDataList/2f/0d/1b61e1dc0989a75e2ac48bbd42b85ca0f094.udd" 2722
"../../../Engine/Content/EngineMaterials/MiniFont.uasset" 2723
"C:/Users/?????????/AppData/Local/UnrealEngine/Common/DerivedDataCache/Buckets/BulkDataList/20/71/e008c6102a8424615ef3f3397212c124b4e7.udd" 2724
"../../../Engine/Content/EngineMaterials/WeightMapPlaceholderTexture.uasset" 2725
"C:/Users/?????????/AppData/Local/UnrealEngine/Common/DerivedDataCache/Buckets/BulkDataList/cc/2a/76c378803b416cbcb80c287f851c8cdf0db2.udd" 2726
"../../../Engine/Content/EngineMaterials/DefaultWhiteGrid.uasset" 2727
"C:/Users/?????????/AppData/Local/UnrealEngine/Common/DerivedDataCache/Buckets/BulkDataList/48/a8/52a0f2143bdd10e38dd381bfa5dd8f6e9524.udd" 2728
"../../../Engine/Content/EngineMaterials/DefaultPhysicalMaterial.uasset" 2729
"../../../Engine/Content/EngineMaterials/DefaultDestructiblePhysicalMaterial.uasset" 2730
"../../../Engine/Content/EditorLandscapeResources/DefaultAlphaTexture.uasset" 2731
"C:/Users/?????????/AppData/Local/UnrealEngine/Common/DerivedDataCache/Buckets/BulkDataList/eb/09/d6186134335cbeb2361b8cc279ca93e59fa1.udd" 2732
"../../../Engine/Content/EditorResources/S_Terrain.uasset" 2733
"C:/Users/?????????/AppData/Local/UnrealEngine/Common/DerivedDataCache/Buckets/BulkDataList/5f/55/ecb9f91532eaf2a293f28a7b7353725b4f5d.udd" 2734
"../../../Engine/Content/BasicShapes/Cube.uasset" 2735
"../../../Engine/Content/BasicShapes/Sphere.uasset" 2736
"../../../Engine/Content/EngineMaterials/DefaultMaterial.uasset" 2737
"../../../Engine/Content/BasicShapes/Cylinder.uasset" 2738
"../../../Engine/Content/BasicShapes/Cone.uasset" 2739
"../../../Engine/Content/BasicShapes/Plane.uasset" 2740
"../../Plugins/Runtime/MeshModelingToolset/Content/Materials/M_DynamicMeshComponentVtxColor.uasset" 2741
"../../Plugins/FX/Niagara/Content/ParameterDefinitions/SpriteRenderer.uasset" 2742
"../../Plugins/FX/Niagara/Content/ParameterDefinitions/RibbonRenderer.uasset" 2743
"../../Plugins/FX/Niagara/Content/ParameterDefinitions/MeshRenderer.uasset" 2744
"../../Plugins/FX/Niagara/Content/ParameterDefinitions/LightRenderer.uasset" 2745
"../../Plugins/FX/Niagara/Content/ParameterDefinitions/CoreParameters.uasset" 2746
"../../../Engine/Content/EditorResources/SequenceRecorder/Countdown.uasset" 2747
"C:/Users/?????????/AppData/Local/UnrealEngine/Common/DerivedDataCache/Buckets/BulkDataList/3e/f1/87f851ef5464bbb1c439c56e7e2d4a46a5bf.udd" 2748
"../../../Engine/Content/EditorResources/SequenceRecorder/RecordingIndicator.uasset" 2749
"C:/Users/?????????/AppData/Local/UnrealEngine/Common/DerivedDataCache/Buckets/BulkDataList/2d/e4/8a623a20fe1efeff37f0813c7526e038ad76.udd" 2750
"../../../Engine/Content/EditorMaterials/PhAT_UnselectedMaterial.uasset" 2751
"../../../Engine/Content/EditorMaterials/PhAT_NoCollisionMaterial.uasset" 2752
"C:/Users/?????????/AppData/Local/Temp/UnrealShaderWorkingDir/0083DFDF4B41B52C8DDEE7B0C716627F/2/WorkerOutputOnly.out" 2753
"C:/Users/?????????/AppData/Local/Temp/UnrealShaderWorkingDir/0083DFDF4B41B52C8DDEE7B0C716627F/6/WorkerOutputOnly.out" 2754
"C:/Users/?????????/AppData/Local/Temp/UnrealShaderWorkingDir/0083DFDF4B41B52C8DDEE7B0C716627F/0/WorkerOutputOnly.out" 2755
"C:/Users/?????????/AppData/Local/Temp/UnrealShaderWorkingDir/0083DFDF4B41B52C8DDEE7B0C716627F/4/WorkerOutputOnly.out" 2756
"C:/Users/?????????/AppData/Local/Temp/UnrealShaderWorkingDir/0083DFDF4B41B52C8DDEE7B0C716627F/3/WorkerOutputOnly.out" 2757
"C:/Users/?????????/AppData/Local/Temp/UnrealShaderWorkingDir/0083DFDF4B41B52C8DDEE7B0C716627F/8/WorkerOutputOnly.out" 2758
"C:/Users/?????????/AppData/Local/Temp/UnrealShaderWorkingDir/0083DFDF4B41B52C8DDEE7B0C716627F/7/WorkerOutputOnly.out" 2759
"C:/Users/?????????/AppData/Local/Temp/UnrealShaderWorkingDir/0083DFDF4B41B52C8DDEE7B0C716627F/1/WorkerOutputOnly.out" 2760
"C:/Users/?????????/AppData/Local/Temp/UnrealShaderWorkingDir/0083DFDF4B41B52C8DDEE7B0C716627F/5/WorkerOutputOnly.out" 2761
"../../../Engine/Content/EngineDebugMaterials/DebugEditorMaterial.uasset" 2762
"../../../Engine/Content/EngineSounds/Master.uasset" 2763
"../../../Engine/Content/EngineMaterials/DefaultBloomKernel.uasset" 2764
"../../../Engine/Content/EditorResources/BSPVertex.uasset" 2765
"../../../Engine/Plugins/Interchange/Runtime/Content/Utilities/T_Bayer64_Grayscale_64px.uasset" 2766
"../../../Engine/Plugins/Interchange/Runtime/Content/Pipelines/DefaultMaterialPipeline.uasset" 2767
"../../../Engine/Plugins/Animation/ControlRig/Content/Controls/ControlRigGizmoMaterial.uasset" 2768
"../../../Engine/Plugins/Interchange/Runtime/Content/Pipelines/DefaultTexturePipeline.uasset" 2769
"../../../Engine/Plugins/Interchange/Runtime/Content/Pipelines/DefaultSceneLevelPipeline.uasset" 2770
"../../../Engine/Plugins/Interchange/Runtime/Content/Pipelines/DefaultAssetsPipeline.uasset" 2771
"../../../Engine/Plugins/Interchange/Runtime/Content/Pipelines/DefaultSceneAssetsPipeline.uasset" 2772
"../../../Engine/Content/EngineResources/FilmGrains/Marcie_Grain_v3_128_M2_000.uasset" 2773
"../../../Engine/Content/EngineMaterials/STBlueNoise_scalar_128x128x64.uasset" 2774
"../../../Engine/Content/EngineMaterials/STBlueNoise_vec2_128x128x64.uasset" 2775
"../../../Engine/Plugins/Interchange/Runtime/Content/Utilities/New_LUT.uasset" 2776
"../../../Engine/Plugins/Interchange/Runtime/Content/Pipelines/DefaultGraphInspectorPipeline.uasset" 2777
"../../../Engine/Plugins/Interchange/Runtime/Content/Materials/UnlitMaterial.uasset" 2778
"../../../Engine/Plugins/Interchange/Runtime/Content/Materials/MapOrScalarFunction.uasset" 2779
"../../../Engine/Plugins/Interchange/Runtime/Content/Materials/MapOrLinearColorFunction.uasset" 2780
"../../../Engine/Plugins/Interchange/Runtime/Content/Materials/MapOrColorFunction.uasset" 2781
"../../../Engine/Plugins/Interchange/Runtime/Content/gltf/MaterialFunctions/MF_RotateV2.uasset" 2782
"../../../Engine/Plugins/Interchange/Runtime/Content/gltf/MaterialFunctions/MF_IOR.uasset" 2783
"C:/Users/?????????/AppData/Local/UnrealEngine/Common/DerivedDataCache/Buckets/BulkDataList/94/6d/859fb750c8d519c1d2a6db3655fd0fea4596.udd" 2784
"../../../Engine/Plugins/Interchange/Runtime/Content/gltf/MaterialFunctions/MF_Fresnel_DS.uasset" 2785
"C:/Users/?????????/AppData/Local/UnrealEngine/Common/DerivedDataCache/Buckets/BulkDataList/33/a8/2be51c5b84d6246e6754669b5469ebc9d149.udd" 2786
"../../../Engine/Plugins/Interchange/Runtime/Content/gltf/Textures/T_White_srgb.uasset" 2787
"../../../Engine/Plugins/Interchange/Runtime/Content/gltf/Textures/T_Gray_Linear.uasset" 2788
"../../../Engine/Plugins/Interchange/Runtime/Content/gltf/Textures/T_Generic_N.uasset" 2789
"../../../Engine/Plugins/Interchange/Runtime/Content/gltf/Textures/T_White_Linear.uasset" 2790
"../../../Engine/Plugins/Interchange/Runtime/Content/gltf/Textures/T_Black_srgb.uasset" 2791
"../../../Engine/Plugins/Interchange/Runtime/Content/Functions/MF_SchlickApprox.uasset" 2792
"../../../Engine/Plugins/Interchange/Runtime/Content/Functions/MF_OrenNayerView.uasset" 2793
"../../../Engine/Content/EngineMaterials/DefaultCalibrationGrayscale.uasset" 2794
"../../../Engine/Content/EngineMaterials/DefaultCalibrationColor.uasset" 2795
"../../../Engine/Content/EngineSounds/Submixes/MasterEQEffectPreset.uasset" 2796
"../../../Engine/Content/MobileResources/HUD/VirtualJoystick_Background.uasset" 2797
"../../../Engine/Content/EngineSounds/Submixes/MasterReverbEffectPreset.uasset" 2798
"../../../Engine/Content/EditorMaterials/PreviewShadowIndicator.uasset" 2799
"../../../Engine/Content/__ExternalActors__/Maps/Templates/OpenWorld/0/CC/WDYA7H76HHF9UENRUYXBJA.uasset" 2800
"../../../Engine/Content/__ExternalActors__/Maps/Templates/OpenWorld/0/03/DBBOQZJVVEJB2VEJNQV1KH.uasset" 2801
"../../../Engine/Content/MobileResources/HUD/VirtualJoystick_Thumb.uasset" 2802
"../../../Engine/Content/__ExternalActors__/Maps/Templates/OpenWorld/0/DE/HPJ5D6HFXBQGR5KE6BFEOG.uasset" 2803
"../../../Engine/Content/__ExternalActors__/Maps/Templates/OpenWorld/0/IT/MHSUN7EJKDAAL8CVT31B9U.uasset" 2804
"../../../Engine/Content/__ExternalActors__/Maps/Templates/OpenWorld/0/SB/0L7PJTYD6VY7AGOJQ4Q6LN.uasset" 2805
"../../../Engine/Content/__ExternalActors__/Maps/Templates/OpenWorld/1/9D/YYFHNASO3MR7RH8G7M8YKS.uasset" 2806
"../../../Engine/Content/__ExternalActors__/Maps/Templates/OpenWorld/1/HR/LT682TB6P4HSTJRCMK734C.uasset" 2807
"../../../Engine/Content/Maps/Entry_BuiltData.uasset" 2808
"../../../Engine/Content/__ExternalActors__/Maps/Templates/OpenWorld/1/JS/VRUDS8N9VA2GUST0U3PQWG.uasset" 2809
"../../../Engine/Content/__ExternalActors__/Maps/Templates/OpenWorld/1/K5/N01XJYY7OZ33C3E6ES5YS7.uasset" 2810
"../../../Engine/Content/__ExternalActors__/Maps/Templates/OpenWorld/1/NJ/82MLNKCEZ5S5X05ZNVY7W4.uasset" 2811
"../../../Engine/Content/__ExternalActors__/Maps/Templates/OpenWorld/1/W7/WOIJ2EO34NCL8X2XRY0R2Q.uasset" 2812
"../../../Engine/Content/__ExternalActors__/Maps/Templates/OpenWorld/2/2W/ANLD5XYRRTSZ6KDZ50Y9DT.uasset" 2813
"../../../Engine/Content/__ExternalActors__/Maps/Templates/OpenWorld/2/5R/L5HRF36RXYPBGTS0FD6B9B.uasset" 2814
"../../../Engine/Content/__ExternalActors__/Maps/Templates/OpenWorld/2/FA/49ZR6ZHH8CF2C1JD77Q4ED.uasset" 2815
"C:/Users/?????????/AppData/Local/UnrealEngine/Common/DerivedDataCache/Buckets/BulkDataList/60/b8/7f95d027cf1055d28bc2524faf76e57797ab.udd" 2816
"../../../Engine/Content/__ExternalActors__/Maps/Templates/OpenWorld/2/IN/38GJJAUSXTLENXKEDEFGSU.uasset" 2817
"../../../Engine/Content/__ExternalActors__/Maps/Templates/OpenWorld/2/ML/11T6R7R7BS5ZZAEQ598G6Q.uasset" 2818
"../../../Engine/Content/Maps/Templates/OpenWorld.umap" 2819
"../../../Engine/Content/OpenWorldTemplate/HLOD/HLOD0_Instancing.uasset" 2820
"../../../Engine/Content/__ExternalActors__/Maps/Templates/OpenWorld/2/NP/19NSXDGR5APGMOCHXFR8UK.uasset" 2821
"../../../Engine/Content/OpenWorldTemplate/LandscapeMaterial/M_ProcGrid.uasset" 2822
"../../../Engine/Content/Functions/Engine_MaterialFunctions03/Blends/Blend_Overlay.uasset" 2823
"../../../Engine/Content/EngineMaterials/BlendFunc_DefBase.uasset" 2824
"../../../Engine/Content/EngineMaterials/BlendFunc_DefBlend.uasset" 2825
"../../../Engine/Content/OpenWorldTemplate/LandscapeMaterial/MF_ProcGrid.uasset" 2826
"../../../Engine/Content/Functions/Engine_MaterialFunctions01/ImageAdjustment/CheapContrast.uasset" 2827
"../../../Engine/Content/Functions/Engine_MaterialFunctions01/Gradient/LinearGradient.uasset" 2828
"../../../Engine/Content/OpenWorldTemplate/LandscapeMaterial/T_GridChecker_A.uasset" 2829
"C:/Users/?????????/AppData/Local/UnrealEngine/Common/DerivedDataCache/Buckets/BulkDataList/ae/59/80915994d6e1ff1938f5de72c8245a0df3ee.udd" 2830
"C:/Users/?????????/AppData/Local/UnrealEngine/Common/DerivedDataCache/Buckets/BulkDataList/d7/8c/e92667d5c3045106a4c3160633c9a768c401.udd" 2831
"C:/Users/?????????/AppData/Local/UnrealEngine/Common/DerivedDataCache/Buckets/BulkDataList/a1/cc/ceefcc0cef4eaebd5541febb3d285b205f37.udd" 2832
"../../../Engine/Content/__ExternalActors__/Maps/Templates/OpenWorld/2/P2/U7UGH6COIE3JDYT7437DSA.uasset" 2833
"../../../Engine/Content/__ExternalActors__/Maps/Templates/OpenWorld/2/SJ/GUB2EKUL20O8F1JU7EE2C6.uasset" 2834
"../../../Engine/Content/__ExternalActors__/Maps/Templates/OpenWorld/2/ST/K4A6UNOD93F0RPUUIEE5U1.uasset" 2835
"../../../Engine/Content/__ExternalActors__/Maps/Templates/OpenWorld/2/T0/3RL7RZ5V18GXKIZMFMJOUF.uasset" 2836
"../../../Engine/Content/__ExternalActors__/Maps/Templates/OpenWorld/3/37/ZC3EFDZU905UZGCPVNO6NL.uasset" 2837
"../../../Engine/Content/__ExternalActors__/Maps/Templates/OpenWorld/3/MJ/0VP5T9S3Z20RD9I6IIKQWQ.uasset" 2838
"../../../Engine/Content/__ExternalActors__/Maps/Templates/OpenWorld/3/NZ/HCXCEB2P7AFAQJ2T4V3UNL.uasset" 2839
"../../../Engine/Content/__ExternalActors__/Maps/Templates/OpenWorld/3/V8/DG1H4UL6K2RINN5XMKLRZA.uasset" 2840
"../../../Engine/Content/__ExternalActors__/Maps/Templates/OpenWorld/3/XF/OQLKUQUBT4P1A33FIS1EJ6.uasset" 2841
"../../../Engine/Content/__ExternalActors__/Maps/Templates/OpenWorld/4/1N/5TOBNLYN25C967WMQGLJ9P.uasset" 2842
"../../../Engine/Content/__ExternalActors__/Maps/Templates/OpenWorld/4/40/UOXBXHJRWZ17KVKFQOUS39.uasset" 2843
"../../../Engine/Content/__ExternalActors__/Maps/Templates/OpenWorld/4/J0/IZ97T3DS224ZE5JNLUBNUV.uasset" 2844
"../../../Engine/Content/__ExternalActors__/Maps/Templates/OpenWorld/4/O6/RV7D86FR4JHF2UE90HW07M.uasset" 2845
"../../../Engine/Content/__ExternalActors__/Maps/Templates/OpenWorld/4/PC/3GY1SKTEHE8BAYQDGV30M1.uasset" 2846
"../../../Engine/Content/__ExternalActors__/Maps/Templates/OpenWorld/4/RT/MG15C0UXXQRV0JVWRQJISZ.uasset" 2847
"../../../Engine/Content/__ExternalActors__/Maps/Templates/OpenWorld/4/S4/XACO1KKMI66CBFJN9H2BRO.uasset" 2848
"../../../Engine/Content/__ExternalActors__/Maps/Templates/OpenWorld/5/37/H44BYI66ITH1M56VG9XQV4.uasset" 2849
"../../../Engine/Content/__ExternalActors__/Maps/Templates/OpenWorld/5/3V/7BKY2RMHFQPXE7ZF1XJ0U9.uasset" 2850
"../../../Engine/Content/__ExternalActors__/Maps/Templates/OpenWorld/5/BO/TIYN0FUM3SH5CEOVF3MCIW.uasset" 2851
"../../../Engine/Content/__ExternalActors__/Maps/Templates/OpenWorld/5/C8/GKZM278JVRCZYA95405LY7.uasset" 2852
"../../../Engine/Content/__ExternalActors__/Maps/Templates/OpenWorld/6/4N/DN4AWK66I9SFKU5KMAW740.uasset" 2853
"../../../Engine/Content/__ExternalActors__/Maps/Templates/OpenWorld/6/OO/2HJONZ0FWQR1O115ILCF4T.uasset" 2854
"../../../Engine/Content/__ExternalActors__/Maps/Templates/OpenWorld/7/7Y/G4WW8N40GC4GTU6EVBCMSZ.uasset" 2855
"../../../Engine/Content/__ExternalActors__/Maps/Templates/OpenWorld/7/MK/TEXD9D1LJ6YPCG6SL30VHN.uasset" 2856
"../../../Engine/Content/__ExternalActors__/Maps/Templates/OpenWorld/7/OK/SEAN2F64CHO3LDZ0AH36XQ.uasset" 2857
"../../../Engine/Content/__ExternalActors__/Maps/Templates/OpenWorld/7/P5/HN2K8ZKQ2F8MNDYTNDLO09.uasset" 2858
"../../../Engine/Content/__ExternalActors__/Maps/Templates/OpenWorld/7/SI/H1IC2U6KA5SQCGX13AM5C6.uasset" 2859
"../../../Engine/Content/__ExternalActors__/Maps/Templates/OpenWorld/7/VJ/9LQX4A09CNM8TATIA1T7NH.uasset" 2860
"../../../Engine/Content/__ExternalActors__/Maps/Templates/OpenWorld/8/10/J0H3C3FLUMY3GRTEATZH50.uasset" 2861
"../../../Engine/Content/__ExternalActors__/Maps/Templates/OpenWorld/8/4E/6X2LF5M4GJACKSAZWHMMYZ.uasset" 2862
"../../../Engine/Content/__ExternalActors__/Maps/Templates/OpenWorld/8/E9/CFPXJNMC0901PIWNMJDXPL.uasset" 2863
"../../../Engine/Content/__ExternalActors__/Maps/Templates/OpenWorld/8/MI/8FR6U8QWRABNNBFVHWOAWB.uasset" 2864
"../../../Engine/Content/__ExternalActors__/Maps/Templates/OpenWorld/9/9M/76V7GBFY28HAZWO7KGINSN.uasset" 2865
"../../../Engine/Content/__ExternalActors__/Maps/Templates/OpenWorld/9/OG/GRLOHBEDGLRDJ7ALVKWBR4.uasset" 2866
"../../../Engine/Content/__ExternalActors__/Maps/Templates/OpenWorld/A/21/LIJ7LP5MUAYCOMJNBYVTPT.uasset" 2867
"../../../Engine/Content/__ExternalActors__/Maps/Templates/OpenWorld/A/9Z/3O1J47LASQDXUEAV2FHEBM.uasset" 2868
"../../../Engine/Content/__ExternalActors__/Maps/Templates/OpenWorld/B/AQ/T365MTIZ0AHKXDX3030T91.uasset" 2869
"../../../Engine/Content/__ExternalActors__/Maps/Templates/OpenWorld/B/DH/CGZKHGOFN0M7BUZD4OUIKT.uasset" 2870
"../../../Engine/Content/__ExternalActors__/Maps/Templates/OpenWorld/B/FS/YEUH0KPAUSFGKST2H2XGZJ.uasset" 2871
"../../../Engine/Content/__ExternalActors__/Maps/Templates/OpenWorld/B/ML/JJ2YHS3IUKXQ25T5AKH56J.uasset" 2872
"../../../Engine/Content/__ExternalActors__/Maps/Templates/OpenWorld/B/RG/YU7NN5B9QJO6YF5ZTG8XC8.uasset" 2873
"../../../Engine/Content/__ExternalActors__/Maps/Templates/OpenWorld/B/ZM/YHAGTLGWJ9T0072PI04NG3.uasset" 2874
"../../../Engine/Content/__ExternalActors__/Maps/Templates/OpenWorld/C/I9/AJ6BGNL2CLVLI1RTL9FO2L.uasset" 2875
"../../../Engine/Content/__ExternalActors__/Maps/Templates/OpenWorld/D/02/XDM669NAU8NSRA6FV796CE.uasset" 2876
"../../../Engine/Content/__ExternalActors__/Maps/Templates/OpenWorld/D/3G/YQB0MZ4557X9DVE0F0I8QE.uasset" 2877
"../../../Engine/Content/__ExternalActors__/Maps/Templates/OpenWorld/D/6F/D33XLI8PYECFOTGNZSA42R.uasset" 2878
"../../../Engine/Content/__ExternalActors__/Maps/Templates/OpenWorld/D/FH/YEQQOIJ3BNU7FZDRKVUZZO.uasset" 2879
"../../../Engine/Content/__ExternalActors__/Maps/Templates/OpenWorld/D/R2/J0MMRZ3V2RDPN33J2S33ZJ.uasset" 2880
"../../../Engine/Content/__ExternalActors__/Maps/Templates/OpenWorld/D/WF/ZAYT9Q4BG64HJSP3QN6FTA.uasset" 2881
"../../../Engine/Content/__ExternalActors__/Maps/Templates/OpenWorld/D/X7/S2RERO642Z9R49WW6ZE4KV.uasset" 2882
"../../../Engine/Content/__ExternalActors__/Maps/Templates/OpenWorld/D/XC/NCQVN0MLHWDXR4YK17HE2J.uasset" 2883
"../../../Engine/Content/__ExternalActors__/Maps/Templates/OpenWorld/D/YR/I017Y1HLOS635ZMP2TLHJX.uasset" 2884
"../../../Engine/Content/__ExternalActors__/Maps/Templates/OpenWorld/E/C4/F02RBAU6SZ9EGKCNGLSPBP.uasset" 2885
"../../../Engine/Content/__ExternalActors__/Maps/Templates/OpenWorld/E/E8/NG6H540VO5IXS4SM1TGGKO.uasset" 2886
"../../../Engine/Content/__ExternalActors__/Maps/Templates/OpenWorld/E/SI/TI40SGT0J4D63RIQKYYMXM.uasset" 2887
"../../../Engine/Content/EngineMaterials/DefaultNormal.uasset" 2888
"../../../Engine/Content/EditorLandscapeResources/WhiteSquareTexture.uasset" 2889
"../../../Engine/Content/EngineMaterials/FlatNormal.uasset" 2890
"../../../Engine/Content/Functions/Engine_MaterialFunctions02/Math/AddComponents.uasset" 2891
"../../../Engine/Content/Functions/Engine_MaterialFunctions02/Texturing/CustomRotator.uasset" 2892
"../../../Engine/Content/Functions/Engine_MaterialFunctions02/Texturing/ScreenAlignedPixelToPixelUVs.uasset" 2893
"../../../Engine/Content/EngineSky/M_SimpleSkyDome.uasset" 2894
"../../../Engine/Content/Functions/Engine_MaterialFunctions01/Texturing/FlattenNormal.uasset" 2895
"../../../Engine/Content/EngineSky/T_Sky_Blue.uasset" 2896
"../../../Engine/Content/Functions/Engine_MaterialFunctions01/Shading/FuzzyShading.uasset" 2897
"../../../Engine/Content/EngineSky/T_Sky_Clouds_M.uasset" 2898
"../../../Engine/Content/Functions/Engine_MaterialFunctions03/Math/RemapValueRange.uasset" 2899
"../../../Engine/Content/EngineSky/T_Sky_Stars.uasset" 2900
"../../../Engine/Content/Functions/Engine_MaterialFunctions02/WorldPositionOffset/V2/ObjectScale.uasset" 2901
"C:/Users/?????????/AppData/Local/UnrealEngine/Common/DerivedDataCache/Buckets/BulkDataList/f7/8e/a3b0878761f88066c44f3505ca3df06f277d.udd" 2902
"../../../Engine/Content/Functions/Engine_MaterialFunctions02/Math/Transform3x3Matrix.uasset" 2903
"../../../Engine/Plugins/Interchange/Runtime/Content/gltf/MaterialFunctions/MF_TransformUVs.uasset" 2904
"../../../Engine/Content/EngineMaterials/PPM_DefaultCalibrationGrayscale.uasset" 2905
"../../../Engine/Content/EngineMaterials/PPM_DefaultCalibrationColor.uasset" 2906
"../../../Engine/Content/EditorMaterials/PreviewShadowIndicatorMaterial.uasset" 2907
"../../../Engine/Content/MobileResources/HUD/DefaultVirtualJoysticks.uasset" 2908
"../../../Engine/Content/EngineSky/M_Sky_Panning_Clouds2.uasset" 2909
"C:/Users/?????????/AppData/Local/UnrealEngine/Common/DerivedDataCache/Buckets/BulkDataList/ce/e4/14c33e1bb2777d97ca6db0b4bf975daca345.udd" 2910
"../../../Engine/Plugins/Interchange/Runtime/Content/Materials/CommonMaterial.uasset" 2911
"../../../Engine/Plugins/Interchange/Runtime/Content/Materials/PhongSurfaceMaterial.uasset" 2912
"../../../Engine/Plugins/Interchange/Runtime/Content/gltf/MaterialFunctions/MF_PerceivedBrightness.uasset" 2913
"C:/Users/?????????/AppData/Local/UnrealEngine/Common/DerivedDataCache/Buckets/BulkDataList/b8/37/0bd3d742f728561f36bcf9218b29b543b9b8.udd" 2914
"C:/Users/?????????/AppData/Local/UnrealEngine/Common/DerivedDataCache/Buckets/BulkDataList/63/5a/43fc2a6e45e7baf06e20b74eb9332c742f8a.udd" 2915
"../../../Engine/Plugins/Interchange/Runtime/Content/Functions/MF_Iridescence.uasset" 2916
"../../../Engine/Plugins/Interchange/Runtime/Content/gltf/MaterialFunctions/MF_Temporal_Blur.uasset" 2917
"../../../Engine/Plugins/Interchange/Runtime/Content/gltf/MaterialFunctions/MF_TransmissionOpacity.uasset" 2918
"../../../Engine/Plugins/Interchange/Runtime/Content/gltf/MaterialFunctions/MF_RotateNormals_TS.uasset" 2919
"../../../Engine/Content/Maps/Entry.umap" 2920
"../../../Engine/Plugins/Animation/ControlRig/Content/Controls/ControlRig_Wedge_solid.uasset" 2921
"../../../Engine/Plugins/Animation/ControlRig/Content/Controls/ControlRig_Wedge_3mm.uasset" 2922
"../../../Engine/Plugins/Animation/ControlRig/Content/Controls/ControlRig_Wedge_1mm.uasset" 2923
"../../../Engine/Plugins/Animation/ControlRig/Content/Controls/ControlRig_Triangle_3mm.uasset" 2924
"../../../Engine/Plugins/Animation/ControlRig/Content/Controls/ControlRig_Triangle_solid.uasset" 2925
"../../../Engine/Plugins/Animation/ControlRig/Content/Controls/ControlRig_Star4_solid.uasset" 2926
"../../../Engine/Plugins/Animation/ControlRig/Content/Controls/ControlRig_Triangle_1mm.uasset" 2927
"../../../Engine/Plugins/Animation/ControlRig/Content/Controls/ControlRig_Star4_3mm.uasset" 2928
"../../../Engine/Plugins/Animation/ControlRig/Content/Controls/ControlRig_Star4_1mm.uasset" 2929
"../../../Engine/Plugins/Animation/ControlRig/Content/Controls/ControlRig_Square_solid.uasset" 2930
"../../../Engine/Plugins/Animation/ControlRig/Content/Controls/ControlRig_Square_3mm.uasset" 2931
"../../../Engine/Plugins/Animation/ControlRig/Content/Controls/ControlRig_Square_1mm.uasset" 2932
"../../../Engine/Plugins/Animation/ControlRig/Content/Controls/ControlRig_Sphere_3mm.uasset" 2933
"../../../Engine/Plugins/Animation/ControlRig/Content/Controls/ControlRig_Sphere_1mm.uasset" 2934
"../../../Engine/Plugins/Animation/ControlRig/Content/Controls/ControlRig_RoundedTriangle_solid.uasset" 2935
"../../../Engine/Plugins/Animation/ControlRig/Content/Controls/ControlRig_RoundedTriangle_3mm.uasset" 2936
"../../../Engine/Plugins/Animation/ControlRig/Content/Controls/ControlRig_RoundedTriangle_1mm.uasset" 2937
"../../../Engine/Plugins/Animation/ControlRig/Content/Controls/ControlRig_RoundedSquare_solid.uasset" 2938
"../../../Engine/Plugins/Animation/ControlRig/Content/Controls/ControlRig_RoundedSquare_3mm.uasset" 2939
"../../../Engine/Plugins/Animation/ControlRig/Content/Controls/ControlRig_RoundedSquare_1mm.uasset" 2940
"../../../Engine/Plugins/Animation/ControlRig/Content/Controls/ControlRig_QuarterCircle_solid.uasset" 2941
"../../../Engine/Plugins/Animation/ControlRig/Content/Controls/ControlRig_QuarterCircle_3mm.uasset" 2942
"../../../Engine/Plugins/Animation/ControlRig/Content/Controls/ControlRig_QuarterCircle_1mm.uasset" 2943
"../../../Engine/Plugins/Animation/ControlRig/Content/Controls/ControlRig_Pyramid_solid.uasset" 2944
"../../Plugins/Animation/ControlRig/Content/Controls/ControlRig_Wedge_solid.uasset" 2945
"../../Plugins/Animation/ControlRig/Content/Controls/ControlRig_Wedge_3mm.uasset" 2946
"../../Plugins/Animation/ControlRig/Content/Controls/ControlRig_Wedge_1mm.uasset" 2947
"../../Plugins/Animation/ControlRig/Content/Controls/ControlRig_Triangle_solid.uasset" 2948
"../../Plugins/Animation/ControlRig/Content/Controls/ControlRig_Triangle_3mm.uasset" 2949
"../../Plugins/Animation/ControlRig/Content/Controls/ControlRig_Triangle_1mm.uasset" 2950
"../../Plugins/Animation/ControlRig/Content/Controls/ControlRig_Star4_solid.uasset" 2951
"../../Plugins/Animation/ControlRig/Content/Controls/ControlRig_Star4_3mm.uasset" 2952
"../../Plugins/Animation/ControlRig/Content/Controls/ControlRig_Star4_1mm.uasset" 2953
"../../../Engine/Plugins/Animation/ControlRig/Content/Controls/ControlRig_Pyramid_1mm.uasset" 2954
"../../../Engine/Plugins/Animation/ControlRig/Content/Controls/ControlRig_Pyramid_3mm.uasset" 2955
"../../../Engine/Plugins/Animation/ControlRig/Content/Controls/ControlRig_Octagon_solid.uasset" 2956
"../../../Engine/Plugins/Animation/ControlRig/Content/Controls/ControlRig_Octagon_1mm.uasset" 2957
"../../../Engine/Plugins/Animation/ControlRig/Content/Controls/ControlRig_Octagon_3mm.uasset" 2958
"../../../Engine/Plugins/Animation/ControlRig/Content/Controls/ControlRig_Hexagon_solid.uasset" 2959
"../../../Engine/Plugins/Animation/ControlRig/Content/Controls/ControlRig_Hexagon_3mm.uasset" 2960
"../../../Engine/Plugins/Animation/ControlRig/Content/Controls/ControlRig_HalfCircle_3mm.uasset" 2961
"../../../Engine/Plugins/Animation/ControlRig/Content/Controls/ControlRig_Hexagon_1mm.uasset" 2962
"../../../Engine/Plugins/Animation/ControlRig/Content/Controls/ControlRig_HalfCircle_solid.uasset" 2963
"../../../Engine/Plugins/Animation/ControlRig/Content/Controls/ControlRig_Diamond_solid.uasset" 2964
"../../../Engine/Plugins/Animation/ControlRig/Content/Controls/ControlRig_HalfCircle_1mm.uasset" 2965
"../../../Engine/Plugins/Animation/ControlRig/Content/Controls/ControlRig_Diamond_3mm.uasset" 2966
"../../../Engine/Plugins/Animation/ControlRig/Content/Controls/ControlRig_Circle_solid.uasset" 2967
"../../../Engine/Plugins/Animation/ControlRig/Content/Controls/ControlRig_Diamond_1mm.uasset" 2968
"../../../Engine/Plugins/Animation/ControlRig/Content/Controls/ControlRig_Circle_3mm.uasset" 2969
"../../../Engine/Plugins/Animation/ControlRig/Content/Controls/ControlRig_Box_3mm.uasset" 2970
"../../../Engine/Plugins/Animation/ControlRig/Content/Controls/ControlRig_Circle_1mm.uasset" 2971
"../../../Engine/Plugins/Animation/ControlRig/Content/Controls/ControlRig_Box_solid.uasset" 2972
"../../../Engine/Plugins/Animation/ControlRig/Content/Controls/ControlRig_Box_1mm.uasset" 2973
"../../../Engine/Plugins/Animation/ControlRig/Content/Controls/ControlRig_Arrow_solid.uasset" 2974
"../../../Engine/Plugins/Animation/ControlRig/Content/Controls/ControlRig_Arrow_1mm.uasset" 2975
"../../../Engine/Plugins/Animation/ControlRig/Content/Controls/ControlRig_Arrow_3mm.uasset" 2976
"../../../Engine/Plugins/Animation/ControlRig/Content/Controls/ControlRig_Arrow4_solid.uasset" 2977
"../../../Engine/Plugins/Animation/ControlRig/Content/Controls/ControlRig_Arrow4_3mm.uasset" 2978
"../../../Engine/Plugins/Animation/ControlRig/Content/Controls/ControlRig_Arrow4_1mm.uasset" 2979
"../../../Engine/Plugins/Animation/ControlRig/Content/Controls/ControlRig_Arrow2_solid.uasset" 2980
"../../../Engine/Plugins/Animation/ControlRig/Content/Controls/ControlRig_Arrow2_3mm.uasset" 2981
"../../Plugins/Animation/ControlRig/Content/Controls/ControlRig_RoundedSquare_solid.uasset" 2982
"../../Plugins/Animation/ControlRig/Content/Controls/ControlRig_RoundedTriangle_1mm.uasset" 2983
"../../Plugins/Animation/ControlRig/Content/Controls/ControlRig_RoundedTriangle_3mm.uasset" 2984
"../../Plugins/Animation/ControlRig/Content/Controls/ControlRig_RoundedTriangle_solid.uasset" 2985
"../../Plugins/Animation/ControlRig/Content/Controls/ControlRig_Sphere_1mm.uasset" 2986
"../../../Engine/Plugins/Animation/ControlRig/Content/Controls/ControlRig_Arrow2_1mm.uasset" 2987
"../../Plugins/Animation/ControlRig/Content/Controls/ControlRig_Sphere_3mm.uasset" 2988
"../../Plugins/Animation/ControlRig/Content/Controls/ControlRig_Square_1mm.uasset" 2989
"../../Plugins/Animation/ControlRig/Content/Controls/ControlRig_Square_3mm.uasset" 2990
"../../Plugins/Animation/ControlRig/Content/Controls/ControlRig_Square_solid.uasset" 2991
"../../Plugins/Animation/ControlRig/Content/Controls/ControlRig_RoundedSquare_3mm.uasset" 2992
"../../../Engine/Plugins/Animation/ControlRig/Content/Controls/ControlRig_Sphere_solid.uasset" 2993
"../../Plugins/Animation/ControlRig/Content/Controls/ControlRig_RoundedSquare_1mm.uasset" 2994
"../../Plugins/Animation/ControlRig/Content/Controls/ControlRig_QuarterCircle_solid.uasset" 2995
"../../Plugins/Animation/ControlRig/Content/Controls/ControlRig_QuarterCircle_3mm.uasset" 2996
"../../Plugins/Animation/ControlRig/Content/Controls/ControlRig_QuarterCircle_1mm.uasset" 2997
"../../Plugins/Animation/ControlRig/Content/Controls/ControlRig_Pyramid_solid.uasset" 2998
"../../Plugins/Animation/ControlRig/Content/Controls/ControlRig_Pyramid_3mm.uasset" 2999
"../../Plugins/Animation/ControlRig/Content/Controls/ControlRig_Octagon_solid.uasset" 3000
"../../../Engine/Plugins/Interchange/Runtime/Content/gltf/MaterialFunctions/MF_Transmission.uasset" 3001
"../../Plugins/Animation/ControlRig/Content/Controls/ControlRig_Octagon_3mm.uasset" 3002
"../../Plugins/Animation/ControlRig/Content/Controls/ControlRig_Octagon_1mm.uasset" 3003
"../../Plugins/Animation/ControlRig/Content/Controls/ControlRig_Hexagon_solid.uasset" 3004
"../../Plugins/Animation/ControlRig/Content/Controls/ControlRig_Hexagon_3mm.uasset" 3005
"../../Plugins/Animation/ControlRig/Content/Controls/ControlRig_Hexagon_1mm.uasset" 3006
"../../Plugins/Animation/ControlRig/Content/Controls/ControlRig_HalfCircle_solid.uasset" 3007
"../../Plugins/Animation/ControlRig/Content/Controls/ControlRig_HalfCircle_3mm.uasset" 3008
"../../Plugins/Animation/ControlRig/Content/Controls/ControlRig_HalfCircle_1mm.uasset" 3009
"../../Plugins/Animation/ControlRig/Content/Controls/ControlRig_Diamond_solid.uasset" 3010
"../../Plugins/Animation/ControlRig/Content/Controls/ControlRig_Diamond_3mm.uasset" 3011
"../../Plugins/Animation/ControlRig/Content/Controls/ControlRig_Circle_solid.uasset" 3012
"../../Plugins/Animation/ControlRig/Content/Controls/ControlRig_Circle_3mm.uasset" 3013
"../../../Engine/Plugins/Interchange/Runtime/Content/gltf/MaterialFunctions/MF_Specular.uasset" 3014
"../../Plugins/Animation/ControlRig/Content/Controls/ControlRig_Pyramid_1mm.uasset" 3015
"../../Plugins/Animation/ControlRig/Content/Controls/ControlRig_Diamond_1mm.uasset" 3016
"../../Plugins/Animation/ControlRig/Content/Controls/ControlRig_Circle_1mm.uasset" 3017
"../../../Engine/Plugins/Interchange/Runtime/Content/gltf/MaterialFunctions/MF_Sheen.uasset" 3018
"../../../Engine/Plugins/Interchange/Runtime/Content/gltf/MaterialFunctions/MF_Emissive.uasset" 3019
"../../../Engine/Plugins/Interchange/Runtime/Content/gltf/MaterialFunctions/MF_MetallicRoughness.uasset" 3020
"../../../Engine/Plugins/Interchange/Runtime/Content/gltf/MaterialFunctions/MF_DiffuseSpecGloss.uasset" 3021
"../../../Engine/Plugins/Interchange/Runtime/Content/Materials/PBRSurfaceFunction.uasset" 3022
"../../../Engine/Plugins/Interchange/Runtime/Content/gltf/MaterialFunctions/MF_BaseColor.uasset" 3023
"../../../Engine/Content/EngineSky/SM_SkySphere.uasset" 3024
"../../../Engine/Plugins/Interchange/Runtime/Content/Functions/MX_StandardSurface.uasset" 3025
"../../../Engine/Plugins/Interchange/Runtime/Content/gltf/MaterialFunctions/MF_SpecGlossToMetalRoughness.uasset" 3026
"../../../Engine/Plugins/Interchange/Runtime/Content/Materials/OrenNayerMaterial.uasset" 3027
"../../../Engine/Plugins/Interchange/Runtime/Content/Materials/LambertSurfaceMaterial.uasset" 3028
"../../../Engine/Plugins/Interchange/Runtime/Content/Functions/MX_Transmission.uasset" 3029
"../../../Engine/Plugins/Interchange/Runtime/Content/gltf/MaterialFunctions/MF_Normals.uasset" 3030
"../../../Engine/Plugins/Interchange/Runtime/Content/gltf/MaterialFunctions/MF_Occlusion.uasset" 3031
"../../../Engine/Plugins/Interchange/Runtime/Content/gltf/MaterialFunctions/MF_Clearcoat.uasset" 3032
"../../../Engine/Content/__ExternalActors__/Maps/Templates/OpenWorld/0/AB/1QCGE91T5EQQ9UTKOHSCH9.uasset" 3033
"../../../Engine/Content/__ExternalActors__/Maps/Templates/OpenWorld/0/77/QTK2TOFAKUCC4OH745GDVF.uasset" 3034
"../../../Engine/Content/__ExternalActors__/Maps/Templates/OpenWorld/0/DN/XR8P0OHQ2UMD5YU47C20EK.uasset" 3035
"../../../Engine/Content/__ExternalActors__/Maps/Templates/OpenWorld/0/K2/C74PLGXI2R9LW6IVE6AVMG.uasset" 3036
"../../../Engine/Content/__ExternalActors__/Maps/Templates/OpenWorld/0/G8/NGJ7QFQVTY01UZE0GQ5QX3.uasset" 3037
"../../../Engine/Content/__ExternalActors__/Maps/Templates/OpenWorld/0/T3/SQJ7JELAW5XSTP1JS5QJMH.uasset" 3038
"../../../Engine/Content/__ExternalActors__/Maps/Templates/OpenWorld/0/UK/3OKX6C10NWGHVWYQ7NH21G.uasset" 3039
"../../../Engine/Content/__ExternalActors__/Maps/Templates/OpenWorld/0/UP/XJC4J420XXOSGPB2F4H7ED.uasset" 3040
"../../../Engine/Content/__ExternalActors__/Maps/Templates/OpenWorld/0/XB/YH1MJRWSG6K7YKOSQWYADL.uasset" 3041
"../../../Engine/Content/__ExternalActors__/Maps/Templates/OpenWorld/0/Z0/SDO6T5HIB7O50OBHISZCIX.uasset" 3042
"../../../Engine/Content/__ExternalActors__/Maps/Templates/OpenWorld/1/9R/JT69U2ZIH2ZJJUXUASV0F0.uasset" 3043
"../../Plugins/Animation/ControlRig/Content/Controls/ControlRig_Box_solid.uasset" 3044
"../../Plugins/Animation/ControlRig/Content/Controls/ControlRig_Box_3mm.uasset" 3045
"../../Plugins/Animation/ControlRig/Content/Controls/ControlRig_Box_1mm.uasset" 3046
"../../Plugins/Animation/ControlRig/Content/Controls/ControlRig_Arrow_solid.uasset" 3047
"../../Plugins/Animation/ControlRig/Content/Controls/ControlRig_Arrow_3mm.uasset" 3048
"../../Plugins/Animation/ControlRig/Content/Controls/ControlRig_Arrow_1mm.uasset" 3049
"../../Plugins/Animation/ControlRig/Content/Controls/ControlRig_Arrow4_solid.uasset" 3050
"../../Plugins/Animation/ControlRig/Content/Controls/ControlRig_Arrow4_3mm.uasset" 3051
"../../Plugins/Animation/ControlRig/Content/Controls/ControlRig_Arrow4_1mm.uasset" 3052
"../../Plugins/Animation/ControlRig/Content/Controls/ControlRig_Arrow2_solid.uasset" 3053
"../../Plugins/Animation/ControlRig/Content/Controls/ControlRig_Arrow2_3mm.uasset" 3054
"../../Plugins/Animation/ControlRig/Content/Controls/ControlRig_Arrow2_1mm.uasset" 3055
"../../Plugins/Animation/ControlRig/Content/Controls/ControlRig_Sphere_solid.uasset" 3056
"../../../Engine/Content/__ExternalActors__/Maps/Templates/OpenWorld/1/BZ/AQH36VQUL6RRNO1G8N89X8.uasset" 3057
"../../../Engine/Content/__ExternalActors__/Maps/Templates/OpenWorld/1/MS/53FFO8N8QMR5EZSU2BXG3T.uasset" 3058
"../../../Engine/Content/__ExternalActors__/Maps/Templates/OpenWorld/1/SV/SS02XJ52CRRX3HSA4VFDSY.uasset" 3059
"../../../Engine/Content/__ExternalActors__/Maps/Templates/OpenWorld/2/1T/ZL0Y1EEN97U5ZPYDIC5SAL.uasset" 3060
"../../../Engine/Content/__ExternalActors__/Maps/Templates/OpenWorld/2/4V/V25VGP3M2HPQ1P7Y76DI4R.uasset" 3061
"../../../Engine/Content/__ExternalActors__/Maps/Templates/OpenWorld/2/8A/NXI3LY5DSH0JCF4MEEBM4X.uasset" 3062
"../../../Engine/Content/__ExternalActors__/Maps/Templates/OpenWorld/2/DZ/XTTNN5AZ8XZMSVE9GQR3TC.uasset" 3063
"../../../Engine/Content/__ExternalActors__/Maps/Templates/OpenWorld/2/JA/4Y1UNG2T4GPFYJ7KPEDYVV.uasset" 3064
"../../../Engine/Content/__ExternalActors__/Maps/Templates/OpenWorld/2/YK/NH0RQ83YOTSLK0KQ86IP4N.uasset" 3065
"../../../Engine/Content/__ExternalActors__/Maps/Templates/OpenWorld/3/8P/VNJEVDB5K2D6L9KMNKBN6A.uasset" 3066
"../../../Engine/Content/__ExternalActors__/Maps/Templates/OpenWorld/3/US/DINUB3VE6STDFAC2VZ35GN.uasset" 3067
"../../../Engine/Content/__ExternalActors__/Maps/Templates/OpenWorld/3/Z1/J1XJFLPOFLBJRCPMFGF6C5.uasset" 3068
"../../../Engine/Content/__ExternalActors__/Maps/Templates/OpenWorld/4/27/MBLYVKKRPXBTRA7FIYDZJJ.uasset" 3069
"../../../Engine/Content/__ExternalActors__/Maps/Templates/OpenWorld/4/3V/5E7YRRLHOPYOL7E03MPXZX.uasset" 3070
"../../../Engine/Content/__ExternalActors__/Maps/Templates/OpenWorld/4/CK/3U7ZZLZZY4U2JGYD4CD484.uasset" 3071
"../../../Engine/Content/__ExternalActors__/Maps/Templates/OpenWorld/4/CM/ZZ4QMO3QO20LLLWIKB49QY.uasset" 3072
"../../../Engine/Content/__ExternalActors__/Maps/Templates/OpenWorld/4/JP/OEPEEFQ7A0CTPWQWFEJ9PV.uasset" 3073
"../../../Engine/Content/__ExternalActors__/Maps/Templates/OpenWorld/4/JP/IUFBX0244AWDZMZZHDKTKO.uasset" 3074
"../../../Engine/Content/__ExternalActors__/Maps/Templates/OpenWorld/4/U7/26ZHDTM3CBW86ZMVC0MC81.uasset" 3075
"../../../Engine/Content/__ExternalActors__/Maps/Templates/OpenWorld/4/XH/833TP0FSFQQBWAZGJXKH6A.uasset" 3076
"../../../Engine/Content/__ExternalActors__/Maps/Templates/OpenWorld/5/L9/WMO74VATJJT97G0ETQHDV9.uasset" 3077
"../../../Engine/Content/__ExternalActors__/Maps/Templates/OpenWorld/5/ON/R223RRK3MH511F5YGGE4W1.uasset" 3078
"../../../Engine/Content/__ExternalActors__/Maps/Templates/OpenWorld/5/PI/Q9H1B01GIQ3UAILDCXPKFD.uasset" 3079
"../../../Engine/Content/__ExternalActors__/Maps/Templates/OpenWorld/5/SE/IMNTWHEYXWFLFNO0VMZCOH.uasset" 3080
"../../../Engine/Content/__ExternalActors__/Maps/Templates/OpenWorld/6/CV/ZVNWWCCOSQTHJQ00OL87PP.uasset" 3081
"../../../Engine/Content/__ExternalActors__/Maps/Templates/OpenWorld/6/MN/ZRKV9F579IVFLFFQFWCNP1.uasset" 3082
"../../../Engine/Content/__ExternalActors__/Maps/Templates/OpenWorld/6/N5/WGVE0AJGDUHGENADZV58M8.uasset" 3083
"../../../Engine/Content/__ExternalActors__/Maps/Templates/OpenWorld/6/OY/I7W1YSC8BUMH1JML1SHYXU.uasset" 3084
"../../../Engine/Content/__ExternalActors__/Maps/Templates/OpenWorld/6/WR/5KB6IQ3V0QMTIH5VVAM109.uasset" 3085
"../../../Engine/Content/__ExternalActors__/Maps/Templates/OpenWorld/7/2P/WBW9CAOQGGZICLNBCFDJSB.uasset" 3086
"../../../Engine/Content/__ExternalActors__/Maps/Templates/OpenWorld/7/F4/M3J0ZJ0BV28M5Q99SOM48Q.uasset" 3087
"../../../Engine/Content/__ExternalActors__/Maps/Templates/OpenWorld/7/Q1/OIHEIVHOC755KY4AIIXZHW.uasset" 3088
"../../../Engine/Content/__ExternalActors__/Maps/Templates/OpenWorld/7/V1/G2IAL67Q51RDGY0JARYZFC.uasset" 3089
"../../../Engine/Content/__ExternalActors__/Maps/Templates/OpenWorld/8/67/SCIVTASLB1G49QJSTRVO2P.uasset" 3090
"../../../Engine/Content/__ExternalActors__/Maps/Templates/OpenWorld/8/8P/TLD3VX5ZWRDBTWGHZBD6B2.uasset" 3091
"../../../Engine/Content/__ExternalActors__/Maps/Templates/OpenWorld/8/9E/VK298XRD5A11VYGHFC41A9.uasset" 3092
"../../../Engine/Content/__ExternalActors__/Maps/Templates/OpenWorld/8/VM/KITGMOBNCKMQD53U939GKS.uasset" 3093
"../../../Engine/Content/__ExternalActors__/Maps/Templates/OpenWorld/A/5T/8AVXKOA01TLOBAI26Z84M0.uasset" 3094
"../../../Engine/Content/__ExternalActors__/Maps/Templates/OpenWorld/A/8F/UILAR7KZF01SB5K1TYIOQU.uasset" 3095
"../../../Engine/Content/__ExternalActors__/Maps/Templates/OpenWorld/B/EF/AVEFB64683AQF9CJYB93DM.uasset" 3096
"../../../Engine/Content/__ExternalActors__/Maps/Templates/OpenWorld/B/XN/M3T3ZY3QR38M3HXIVWF08Z.uasset" 3097
"../../../Engine/Content/__ExternalActors__/Maps/Templates/OpenWorld/C/UL/XUI40KZY0W19J25ADZ69HZ.uasset" 3098
"../../../Engine/Content/__ExternalActors__/Maps/Templates/OpenWorld/C/V2/79GVO9T8L33D7PL17IOCH8.uasset" 3099
"../../../Engine/Content/__ExternalActors__/Maps/Templates/OpenWorld/D/1C/J2AQ1EOULFDGSSVCOF21IT.uasset" 3100
"../../../Engine/Content/__ExternalActors__/Maps/Templates/OpenWorld/D/AK/1ZC2T0VGQ3SM7U375JQUCB.uasset" 3101
"../../../Engine/Content/__ExternalActors__/Maps/Templates/OpenWorld/E/0N/MJ50OORWK9B5CCTZI745ZN.uasset" 3102
"../../../Engine/Content/__ExternalActors__/Maps/Templates/OpenWorld/E/2T/LW1MREPFXBPLJCYEDJ1QEP.uasset" 3103
"../../../Engine/Content/__ExternalActors__/Maps/Templates/OpenWorld/E/35/J016PIHOM9QMV09QAXSB71.uasset" 3104
"../../../Engine/Content/__ExternalActors__/Maps/Templates/OpenWorld/E/5J/220CT5CUS77FQ1Y0UX22G1.uasset" 3105
"../../../Engine/Content/__ExternalActors__/Maps/Templates/OpenWorld/E/9D/DB7HESC98L3P1C0EXJ9VNN.uasset" 3106
"../../../Engine/Content/__ExternalActors__/Maps/Templates/OpenWorld/E/AJ/7C8JC8FV0F2O6Y16RNPPG5.uasset" 3107
"../../../Engine/Content/__ExternalActors__/Maps/Templates/OpenWorld/E/QA/56OJ68IEIQK6AZD998V9AC.uasset" 3108
"../../../Engine/Content/__ExternalActors__/Maps/Templates/OpenWorld/E/W5/RZKDGOKU0HOUR9XR3OORWP.uasset" 3109
"../../../Engine/Content/__ExternalActors__/Maps/Templates/OpenWorld/F/3O/LQ9LHAPSPR2ZQON593WMVL.uasset" 3110
"C:/Users/?????????/AppData/Local/UnrealEngine/Common/DerivedDataCache/Buckets/MaterialShaderMap/7b/79/e2f473d2278d7fe10dea190528e504ceb3ad.udd" 3111
"../../../Engine/Content/EditorResources/EmptyActor.uasset" 3112
"C:/Users/?????????/AppData/Local/UnrealEngine/Common/DerivedDataCache/Buckets/BulkDataList/90/00/6178414e1b320c26a7056e54bc3e5125388f.udd" 3113
"../../../Engine/Plugins/Interchange/Runtime/Content/gltf/M_Unlit.uasset" 3114
"../../../Engine/Plugins/Interchange/Runtime/Content/Materials/ThinTranslucentMaterial.uasset" 3115
"../../../Engine/Plugins/Interchange/Runtime/Content/Materials/SubsurfaceMaterial.uasset" 3116
"../../../Engine/Plugins/Interchange/Runtime/Content/Materials/PBRSurfaceMaterial.uasset" 3117
"../../../Engine/Plugins/Interchange/Runtime/Content/Materials/ClearCoatMaterial.uasset" 3118
"../../../Engine/Plugins/Interchange/Runtime/Content/Materials/SheenMaterial.uasset" 3119
"../../../Engine/Plugins/Interchange/Runtime/Content/gltf/M_Transmission.uasset" 3120
"../../../Engine/Plugins/Interchange/Runtime/Content/Functions/MX_TransmissionSurface.uasset" 3121
"../../../Engine/Plugins/Interchange/Runtime/Content/gltf/M_Sheen.uasset" 3122
"../../../Engine/Plugins/Interchange/Runtime/Content/gltf/M_Opaque.uasset" 3123
"../../../Engine/Plugins/Interchange/Runtime/Content/gltf/M_Translucent.uasset" 3124
"C:/Users/?????????/AppData/Local/UnrealEngine/Common/DerivedDataCache/Buckets/MaterialShaderMap/69/92/85a59005135b0aef46c3fe16e8dd6f247c2e.udd" 3125
"../../../Engine/Plugins/Interchange/Runtime/Content/gltf/MaterialInstances_SG/MI_Transmission_TS.uasset" 3126
"../../../Engine/Plugins/Interchange/Runtime/Content/gltf/MaterialInstances_MR/MI_Opaque_Unlit.uasset" 3127
"../../../Engine/Plugins/Interchange/Runtime/Content/gltf/MaterialInstances_MR/MI_Transmission_TS.uasset" 3128
"../../../Engine/Plugins/Interchange/Runtime/Content/gltf/MaterialInstances_SG/MI_Transmission.uasset" 3129
"../../../Engine/Plugins/Interchange/Runtime/Content/gltf/MaterialInstances_MR/MI_Opaque_Unlit_TS.uasset" 3130
"../../../Engine/Plugins/Interchange/Runtime/Content/gltf/MaterialInstances_MR/MI_Transmission.uasset" 3131
"../../../Engine/Plugins/Interchange/Runtime/Content/gltf/MaterialInstances_SG/MI_Opaque_Sheen_TS.uasset" 3132
"../../../Engine/Plugins/Interchange/Runtime/Content/gltf/MaterialInstances_SG/MI_Opaque_Sheen.uasset" 3133
"../../../Engine/Plugins/Interchange/Runtime/Content/gltf/MaterialInstances_MR/MI_Opaque_Sheen_TS.uasset" 3134
"../../../Engine/Plugins/Interchange/Runtime/Content/gltf/MaterialInstances_MR/MI_Opaque_Sheen.uasset" 3135
"../../../Engine/Plugins/Interchange/Runtime/Content/gltf/MaterialInstances_SG/MI_Translucent_TS.uasset" 3136
"../../../Engine/Plugins/Interchange/Runtime/Content/gltf/MaterialInstances_SG/MI_Translucent_ClearCoat_TS.uasset" 3137
"../../../Engine/Plugins/Interchange/Runtime/Content/gltf/MaterialInstances_SG/MI_Translucent_ClearCoat.uasset" 3138
"../../../Engine/Plugins/Interchange/Runtime/Content/gltf/MaterialInstances_SG/MI_Translucent.uasset" 3139
"../../../Engine/Plugins/Interchange/Runtime/Content/gltf/MaterialInstances_MR/MI_Translucent_TS.uasset" 3140
"../../../Engine/Plugins/Interchange/Runtime/Content/gltf/MaterialInstances_MR/MI_Translucent_ClearCoat.uasset" 3141
"../../../Engine/Plugins/Interchange/Runtime/Content/gltf/MaterialInstances_MR/MI_Translucent.uasset" 3142
"../../../Engine/Plugins/Interchange/Runtime/Content/gltf/MaterialInstances_MR/MI_Translucent_ClearCoat_TS.uasset" 3143
"../../../Engine/Content/EngineSounds/Submixes/MasterEQSubmixDefault.uasset" 3144
"../../../Engine/Content/EngineSounds/Submixes/MasterSubmixDefault.uasset" 3145
"../../../Engine/Content/EngineSounds/Submixes/MasterReverbSubmixDefault.uasset" 3146
"../../../Engine/Plugins/Interchange/Runtime/Content/gltf/MaterialInstances_SG/MI_Opaque_TS.uasset" 3147
"../../../Engine/Plugins/Interchange/Runtime/Content/gltf/MaterialInstances_SG/MI_Opaque.uasset" 3148
"../../../Engine/Plugins/Interchange/Runtime/Content/gltf/MaterialInstances_SG/MI_Opaque_ClearCoat.uasset" 3149
"../../../Engine/Plugins/Interchange/Runtime/Content/gltf/MaterialInstances_SG/MI_Opaque_ClearCoat_TS.uasset" 3150
"../../../Engine/Plugins/Interchange/Runtime/Content/gltf/MaterialInstances_MR/MI_Opaque_TS.uasset" 3151
"../../../Engine/Plugins/Interchange/Runtime/Content/gltf/MaterialInstances_MR/MI_Opaque_ClearCoat_TS.uasset" 3152
"../../../Engine/Plugins/Interchange/Runtime/Content/gltf/MaterialInstances_MR/MI_Opaque_ClearCoat.uasset" 3153
"../../../Engine/Plugins/Interchange/Runtime/Content/gltf/MaterialInstances_MR/MI_Opaque.uasset" 3154
"C:/Users/?????????/AppData/Local/UnrealEngine/Common/DerivedDataCache/Buckets/MaterialShaderMap/ac/77/734a57a49af6ba07ddd1e222140ca098c9ce.udd" 3155
